API 10/UWI,District,Filed Date,Approved Date,Expired Date,State/Province,County/Parish,Operator Alias (Legacy),Lease Name,Well Number,Formation,Permit Depth,True Vertical Depth,Permit Type,Well Type,Drill Type,Well Status,Permit Status,Field,Operator (Reported),Amended Date,Contact Name,Contact Phone,Operator Address,Operator City,Operator State,Operator Zip,Operator City 30mi,Section,Operator City 50mi,Township,Range,Block,Survey,True Vertical Depth UOM,Abstract,WGID,H2S Area,Surface Hole Latitude (WGS84),Surface Hole Longitude (WGS84),OFS Region,Bottom Hole Latitude (WGS84),Bottom Hole Longitude (WGS84),Lease Number,Permit Depth UOM,Permit Number,DI Basin,DI Play,DI Subplay,Operator Company Name,Operator Ticker
3000564345,SE,,2019-12-13,2021-12-02,NM,CHAVES (NM),MAGNUM PROD,THE PEGGY FEDERAL,113,SAN ANDRES,2400,2400,NewDrill,OIL,V,PERMITTED,Active,RACE TRACK,"MAGNUM PRODUCING, LP",,MATT GIROUX,405-289-9326,500 N. SHORELINE BLVD,CORPUS CHRISTI,TX,78401,,13,,09S,27E,,,ft,,19309319,,33.5361994,-104.1404884,PERMIAN BASIN,33.5361994,-104.1404884,326731,ft,TEMP86977488,NORTHWEST SHELF,NORTHWEST SHELF,,"MAGNUM PRODUCING, LP",
4245730898,3,2019-10-03,2019-10-08,2021-10-08,TX,TYLER (TX),MAGNUM PROD,BIG THICKET,1,"COCKFIELD,WILCOX,WILCOX 2-A,WILCOX 4-B,WILCOX 5,WILCOX G SAND,YEGUA",11800,11800,NewDrill,OIL & GAS,V,PERMITTED,Active,"HICKSBAUGH,THEUVENINS CREEK,WILDCAT","MAGNUM PRODUCING, LP",,KEN AHUJA,3618823858,500 N SHORELINE BLVD STE 322,CORPUS CHRSTI,TX,78401,,,,,,,"BROWN, W S",ft,62,19299960,false,30.5562697,-94.3410917,GULF COAST,30.5562697,-94.3410917,,ft,857731,GULF COAST CENTRAL,,,"MAGNUM PRODUCING, LP",
4203933345,3,2019-07-03,2019-07-05,2021-07-05,TX,BRAZORIA (TX),MAGNUM PROD,DUCROZ,1,WILDCAT,11700,11700,NewDrill,OIL & GAS,V,SHUT-IN,Active,WILDCAT,"MAGNUM PRODUCING, LP",,KEN AHUJA,3618823858,500 N SHORELINE BLVD STE 322,CORPUS CHRSTI,TX,78401,,65,,,,,"DILLARD, N",ft,60,19286910,false,28.9020963,-95.6000868,GULF COAST,28.9020963,-95.6000868,27788,ft,854812,GULF COAST CENTRAL,,,"MAGNUM PRODUCING, LP",
4232132426,3,2019-06-25,2019-06-26,2021-06-26,TX,MATAGORDA (TX),MAGNUM PROD,TRULL,1,WILDCAT,9000,9000,NewDrill,OIL & GAS,V,DRILLED,Active,WILDCAT,"MAGNUM PRODUCING, LP",,KEN AHUJA,3618823858,500 N SHORELINE BLVD STE 322,CORPUS CHRSTI,TX,78401,,,,,,,"PERKINS, S",ft,371,19286199,false,28.7749639,-96.2590010,GULF COAST,28.7749639,-96.2590010,,ft,854558,GULF COAST CENTRAL,,,"MAGNUM PRODUCING, LP",
4246934444,2,2019-05-23,2019-05-24,2021-05-24,TX,VICTORIA (TX),MAGNUM PROD,SPACEK UNIT,1,WILDCAT,9800,9800,NewDrill,OIL & GAS,V,INACTIVE,Active,WILDCAT,"MAGNUM PRODUCING, LP",,KEN AHUJA,3618823858,500 N SHORELINE BLVD STE 322,CORPUS CHRSTI,TX,78401,,,,,,,DAVID HINES,ft,175,19280561,false,29.0825837,-96.9829479,GULF COAST,29.0825837,-96.9829479,290069,ft,853438,GULF COAST WEST,,,"MAGNUM PRODUCING, LP",
1707920545,5,2018-08-20,2018-08-22,2019-02-18,LA,RAPIDES (LA),MAGNUM PROD,GORDON HOLDINGS LLC,001,"6800 WILCOX, 6500 WILCOX, 6200 WILCOX",7000,7000,NewDrill,OIL,V,P & A,Expired,WILDCAT-NO LA MONROE DIST,"MAGNUM PRODUCING, L.P.",,AVINASH C. AHUJA,361-826-0105,500 N. SHORELINE SUITE 322,CORPUS CHRSTI,TX,78401,,06,,01N,02W,,,ft,,19104823,,31.0881946,-92.6039394,ARKLATEX,31.0882006,-92.6039690,,ft,251222,GULF COAST EAST,TUSCALOOSA MARINE SHALE,,"MAGNUM PRODUCING, LP",
4203933328,3,2018-07-31,2018-08-01,2020-08-01,TX,BRAZORIA (TX),MAGNUM PROD,POOLE,1,,12000,12000,NewDrill,OIL & GAS,V,P & A,Expired,"ALLEN DOME,WILDCAT","MAGNUM PRODUCING, LP",,KEN AHUJA,3618823858,500 N SHORELINE BLVD STE 322,CORPUS CHRSTI,TX,78401,,64,,,,,"ALLEY, W & T",ft,2,19102997,false,28.9281623,-95.5604523,GULF COAST,28.9281623,-95.5604523,,ft,843042,GULF COAST CENTRAL,,,"MAGNUM PRODUCING, LP",
4203933320,3,2018-04-19,2018-04-24,2020-04-24,TX,BRAZORIA (TX),MAGNUM PROD,MASTERSON,1,DAMON MOUND,2600,2600,NewDrill,OIL & GAS,V,INACTIVE,Expired,DAMON MOUND,"MAGNUM PRODUCING, LP",,KEN AHUJA,3618823858,500 N SHORELINE BLVD STE 322,CORPUS CHRSTI,TX,78401,,,,,,,"DARST, A",ft,61,18998091,true,29.2816764,-95.7576437,GULF COAST,29.2816764,-95.7576437,27569,ft,839070,GULF COAST CENTRAL,,,"MAGNUM PRODUCING, LP",
4208932751,3,2018-04-12,2018-04-16,2020-04-16,TX,COLORADO (TX),MAGNUM PROD,YATES UNIT,1,WILCOX,9500,9500,NewDrill,OIL & GAS,V,P & A,Expired,"DUBINA, SOUTH,WILDCAT","MAGNUM PRODUCING, LP",2018-07-11,KEN AHUJA,3618823858,500 N SHORELINE BLVD STE 322,CORPUS CHRSTI,TX,78401,,,,,,,"TINKLER, J",,560,18997243,,29.6637971,-96.8040748,GULF COAST,29.6637971,-96.8040748,,ft,838834,GULF COAST CENTRAL,EAGLEBINE,,"MAGNUM PRODUCING, LP",
4245730889,3,2018-01-23,2018-01-30,2020-01-30,TX,TYLER (TX),MAGNUM PROD,BLACK STONE MINERALS,4,"WILCOX 10,WILCOX 6",9950,9864,NewDrill,GAS,D,INACTIVE,Expired,ELIJAH GREEN,"MAGNUM PRODUCING, LP",2018-07-11,KEN AHUJA,3618823858,500 N SHORELINE BLVD STE 322,CORPUS CHRSTI,TX,78401,,,,,,,"GREEN, E",ft,298,18989740,,30.5310003,-94.2544489,GULF COAST,30.5274420,-94.2551630,27418,ft,835557,GULF COAST CENTRAL,,,"MAGNUM PRODUCING, LP",
4224532864,3,2018-01-04,2018-01-09,2020-01-09,TX,JEFFERSON (TX),MAGNUM PROD,MCLEAN UNIT 4,4,HACKBERRY SAND,9300,9300,NewDrill,OIL,V,INACTIVE,Expired,BIG HILL,"MAGNUM PRODUCING, LP",2019-06-10,KEN AHUJA,3618823858,500 N SHORELINE BLVD STE 322,CORPUS CHRSTI,TX,78401,,373,,,,,EL&RR RR CO,,551,18987707,true,29.7557764,-94.2594714,GULF COAST,29.7557764,-94.2594714,27819,ft,834804,GULF COAST CENTRAL,,,"MAGNUM PRODUCING, LP",
4232132415,3,2017-10-17,2017-10-19,2019-10-19,TX,MATAGORDA (TX),MAGNUM PROD,ROBESON,1,"FRIO -C-,FRIO -D-,MELBOURN E-3 SEG C",8800,8800,NewDrill,OIL & GAS,V,INACTIVE,Expired,"PALACIOS,WILDCAT","MAGNUM PRODUCING, LP",2018-05-02,KEN AHUJA,3618823858,500 N SHORELINE BLVD STE 322,CORPUS CHRSTI,TX,78401,,,,,,,"GOODWIN, L",ft,162,18979845,,28.7354867,-96.2283754,GULF COAST,28.7354867,-96.2283754,285001,ft,832082,GULF COAST CENTRAL,,,"MAGNUM PRODUCING, LP",
4224532858,3,2017-06-30,2017-07-07,2019-07-07,TX,JEFFERSON (TX),MAGNUM PROD,MCLEAN UNIT 3,3,"DISCORBIS B,HETEROSTEGINA,MARGINULINA,MIOCENE SIPHONINA",6810,6810,NewDrill,OIL & GAS,V,INACTIVE,Expired,"BIG HILL,WILDCAT","MAGNUM PRODUCING, LP",2017-10-30,KEN AHUJA,3618823858,500 N SHORELINE BLVD STE 322,CORPUS CHRSTI,TX,78401,,373,,,,,EL&RR RR CO,ft,551,18968081,true,29.7558957,-94.2565418,GULF COAST,29.7558957,-94.2565418,27348,ft,828439,GULF COAST CENTRAL,,,"MAGNUM PRODUCING, LP",
4245730884,3,2017-04-20,2017-05-01,2019-05-01,TX,TYLER (TX),MAGNUM PROD,BLACK STONE MINERALS,3,WILCOX 7,10750,10750,NewDrill,OIL & GAS,V,INACTIVE,Expired,"ELIJAH GREEN,WILDCAT","MAGNUM PRODUCING, LP",,KEN AHUJA,3618823858,500 N SHORELINE BLVD STE 322,CORPUS CHRSTI,TX,78401,,,,,,,"GREEN, E",ft,298,18962672,false,30.5317505,-94.2591536,GULF COAST,30.5317505,-94.2591536,283360,ft,825728,GULF COAST CENTRAL,,,"MAGNUM PRODUCING, LP",
4232132401,3,2016-11-02,2016-11-09,2018-11-09,TX,MATAGORDA (TX),MAGNUM PROD,ANDERSON,3,"BADOUGH,FRIO,HUEBNER,SLOAN",10500,,NewDrill,OIL & GAS,D,INACTIVE,Expired,"LUCKY,LUCKY, EAST,LUCKY, WEST","MAGNUM PRODUCING, LP",2017-05-09,KEN AHUJA,3618823858,500 N SHORELINE BLVD STE 322,CORPUS CHRSTI,TX,78401,,,,,,,"HALL, E",,45,18302501,,28.9637099,-95.9750247,GULF COAST,28.9644381,-95.9719314,27736,ft,819991,GULF COAST CENTRAL,,,"MAGNUM PRODUCING, LP",
4245730875,3,2016-05-03,2016-05-06,2018-05-06,TX,TYLER (TX),MAGNUM PROD,BLACK STONE MINERALS,2,"CONSOLIDATED,GERONIMO LO. WX,GERONIMO OIL,L. GERONIMO E. ""A"",WILCOX,WILCOX A-1,WILCOX A-2 SAND,WILCOX A-3,WILCOX C,WILCOX ODOM SAND,WILCOX ROCHNA SAND,WILCOX SAND,YEGUA Y-3",9975,9975,NewDrill,OIL & GAS,V,INACTIVE,Expired,"BOB BURR,BOB BURR, S,HIGHBAUGH,WILDCAT,WURTZBAUGH","MAGNUM PRODUCING, LP",2017-01-12,KEN AHUJA,3618823858,500 N SHORELINE BLVD STE 322,CORPUS CHRSTI,TX,78401,,,,,,,"GREEN, E",ft,298,16317486,,30.5311082,-94.2553577,GULF COAST,30.5311082,-94.2553577,282350,ft,815374,GULF COAST CENTRAL,,,"MAGNUM PRODUCING, LP",
4248135386,3,2015-08-17,2015-08-24,2017-08-24,TX,WHARTON (TX),MAGNUM PROD,RIEGER,1,"FRIO,FRIO D,MARGINULINA",7020,7020,NewDrill,OIL & GAS,V,INACTIVE,Expired,"COX,JARVIS CREEK,LANE CITY, W.,WILDCAT","MAGNUM PRODUCING, LP",2017-03-15,KEN AHUJA,3618823858,500 N SHORELINE BLVD STE 322,CORPUS CHRSTI,TX,78401,,4,,,,,"CASTLEMAN, S",ft,11,18347566,,29.2155865,-96.0424771,GULF COAST,29.2155865,-96.0424771,27279,ft,809549,GULF COAST CENTRAL,,,"MAGNUM PRODUCING, LP",
4203933269,3,2015-02-27,2015-03-02,2017-03-02,TX,BRAZORIA (TX),MAGNUM PROD,SPOHN FOUNDATION,1,,11650,11602,NewDrill,OIL & GAS,D,INACTIVE,Expired,"ALLEN DOME,WILDCAT","MAGNUM PRODUCING, LP",,KEN AHUJA,3618823858,500 N SHORELINE BLVD STE 322,CORPUS CHRSTI,TX,78401,,64,,,,,"ALLEY, W & T",ft,2,16621864,,28.9422222,-95.5628611,GULF COAST,28.9431477,-95.5638852,280236,ft,804212,GULF COAST CENTRAL,,,"MAGNUM PRODUCING, LP",
4232132383,3,2014-10-28,2014-10-28,2016-10-28,TX,MATAGORDA (TX),MAGNUM PROD,ANDERSON-THOMPSON,2,,,10564,NewDrill,OIL & GAS,D,SHUT-IN,Expired,WILDCAT,"MAGNUM PRODUCING, LP",,KEN AHUJA,3618823858,500 N SHORELINE BLVD STE 322,CORPUS CHRSTI,TX,78401,,,,,,,"HALL, E",ft,45,16207523,,28.9624565,-95.9783833,GULF COAST,28.9600731,-95.9793056,27142,,799197,GULF COAST CENTRAL,,,"MAGNUM PRODUCING, LP",
4224532838,3,2014-10-27,2014-10-28,2016-10-28,TX,JEFFERSON (TX),MAGNUM PROD,FITZHUGH,3,"DISCORBIS B,HETEROSTEGINA,MARGINULINA,MIOCENE,MIOCENE SIPHONINA",6522,6522,NewDrill,OIL & GAS,V,P & A,Expired,"BIG HILL,WILDCAT","MAGNUM PRODUCING, LP",,KEN AHUJA,3618823858,500 N SHORELINE BLVD STE 322,CORPUS CHRSTI,TX,78401,,,,,,,"EATON, S",ft,22,18835607,true,29.7533606,-94.2600838,GULF COAST,29.7533606,-94.2600838,26909,ft,799156,GULF COAST CENTRAL,,,"MAGNUM PRODUCING, LP",
4228533884,2,2014-08-26,2014-09-15,2016-09-15,TX,LAVACA (TX),MAGNUM PROD,CULLEN ESTATE,1,"FRIO,MIOCENE,YEGUA",8500,8500,NewDrill,OIL & GAS,V,P & A,Expired,"BORCHERS, NORTH,EVANS,HOPE,HOPE, NE.,LAVACA RIVER","MAGNUM PRODUCING, LP",,KEN AHUJA,3618823858,500 N SHORELINE BLVD STE 322,CORPUS CHRSTI,TX,78401,,,,,,,"FARIAS, E",,170,16193934,,29.2218534,-96.8466607,GULF COAST,29.2218534,-96.8466607,,ft,795024,GULF COAST WEST,EAGLEFORD,EAGLE FORD DRY,"MAGNUM PRODUCING, LP",
4223933640,2,2014-07-08,2014-08-04,2016-08-04,TX,JACKSON (TX),MAGNUM PROD,SIMONS-VANCE,1,"COMBINED ASSOCIATED,FRIO,FRIO,BASAL,W.",6500,6500,NewDrill,OIL & GAS,V,INACTIVE,Expired,"WESTHOFF,WESTHOFF RANCH,WESTOFF RANCH,WILDCAT","MAGNUM PRODUCING, LP",,KEN AHUJA,3618823858,500 N SHORELINE BLVD STE 322,CORPUS CHRSTI,TX,78401,,,,,,,"HEARD, W",ft,31,17686746,,28.9704976,-96.5941251,GULF COAST,28.9704976,-96.5941251,280417,ft,791240,GULF COAST WEST,,,"MAGNUM PRODUCING, LP",
4213139480,4,2014-05-30,2014-07-01,2016-07-01,TX,DUVAL (TX),MAGNUM PROD,MILLER WEST,1,FRIO-VKSBG CONS.,5250,5250,NewDrill,OIL & GAS,V,ACTIVE,Expired,"ORCONES,WILDCAT","MAGNUM PRODUCING, LP",,KEN AHUJA,3618823858,500 N SHORELINE BLVD STE 322,CORPUS CHRSTI,TX,78401,,25,,,,,"FLORES, S",ft,213,16650653,true,27.4934509,-98.4212054,GULF COAST,27.4934509,-98.4212054,14061,ft,788309,GULF COAST WEST,,,"MAGNUM PRODUCING, LP",
4224532804,3,2014-03-06,2014-04-01,2016-04-01,TX,JEFFERSON (TX),MAGNUM PROD,NEWPARK,1,"DISCORBIS B,FRIO UPPER,HETEROSTEGINA,MARGINULINA,MIOCENE,MIOCENE SIPHONINA",7120,7120,NewDrill,OIL & GAS,V,P & A,Expired,"BIG HILL,BIG HILL*,WILDCAT","MAGNUM PRODUCING, LP",2014-11-10,KEN AHUJA,3618823858,500 N SHORELINE BLVD STE 322,CORPUS CHRSTI,TX,78401,,,,,,,"EATON, S",ft,22,18769749,true,29.7477210,-94.2650845,GULF COAST,29.7477210,-94.2650845,27190,ft,781445,GULF COAST CENTRAL,,,"MAGNUM PRODUCING, LP",
4228533794,2,2014-02-25,2014-03-21,2016-03-21,TX,LAVACA (TX),MAGNUM PROD,BRISCOE C,1,WILCOX,8400,8400,NewDrill,OIL & GAS,V,INACTIVE,Expired,"SHERIDAN, S. W.,SHERIDAN, SW,WILDCAT","MAGNUM PRODUCING, LP",2015-07-21,KEN AHUJA,3618823858,500 N SHORELINE BLVD STE 322,CORPUS CHRSTI,TX,78401,,3,,,,,HT&B RR CO,ft,247,17379683,,29.4233602,-96.6520237,GULF COAST,29.4233602,-96.6520237,27162,ft,780581,GULF COAST WEST,EAGLEFORD,EAGLE FORD DRY,"MAGNUM PRODUCING, LP",
4224130848,3,2014-02-21,2014-03-20,2016-03-20,TX,JASPER (TX),MAGNUM PROD,BP AMERICA A-510,2,"FIRST WILCOX,WILCOX,WILCOX B",11950,11950,NewDrill,OIL & GAS,V,P & A,Expired,"BUNA,BUNA, NORTHWEST,BUNA, WEST,WILDCAT","MAGNUM PRODUCING, LP",,KEN AHUJA,3618823858,500 N SHORELINE BLVD STE 322,CORPUS CHRSTI,TX,78401,,65,,,,,T&NO RR CO,ft,510,17593089,,30.4310812,-94.0231193,GULF COAST,30.4310812,-94.0231193,276978,ft,780429,GULF COAST CENTRAL,,,"MAGNUM PRODUCING, LP",
4200730918,4,2013-11-21,2013-11-26,2015-11-26,TX,ARANSAS (TX),MAGNUM PROD,STATE TRACT 44 UNIT,2,"FRIO -L-,FRIO -M-",12500,11814,NewDrill,OIL & GAS,D,INACTIVE,Expired,"WILDCAT,ZOLLER","MAGNUM PRODUCING, LP",,KEN AHUJA,3618823858,500 N SHORELINE BLVD STE 322,CORPUS CHRSTI,TX,78401,,,,,,,THOMAS NEWCOMB SURVEY,ft,165,17727847,,28.3162420,-96.7949742,GULF COAST,28.3138654,-96.7921283,10230,ft,774317,GULF COAST WEST,,,"MAGNUM PRODUCING, LP",
4224532793,3,2013-10-10,2013-10-17,2015-10-17,TX,JEFFERSON (TX),MAGNUM PROD,KYLE,1,"NODOSARIA, UPPER",7900,,NewDrill,OIL & GAS,D,P & A,Expired,"SPINDLETOP,WILDCAT","MAGNUM PRODUCING, LP",,KEN AHUJA,3618823858,500 N SHORELINE BLVD STE 322,CORPUS CHRSTI,TX,78401,,,,,,,"HUMPHREYS, P",,32,18287629,,30.0175991,-94.0598818,GULF COAST,30.0199249,-94.0611128,,ft,771557,GULF COAST CENTRAL,,,"MAGNUM PRODUCING, LP",
4232132361,3,2013-08-09,2013-08-15,2015-08-15,TX,MATAGORDA (TX),MAGNUM PROD,ANDERSON,1,"ANOMALINA,FRIO,GOLA,HUEBNER,SLOAN,THOMPSON",10700,10700,NewDrill,OIL & GAS,V,INACTIVE,Expired,"LUCKY,WILDCAT","MAGNUM PRODUCING, LP",,KEN AHUJA,3618823858,500 N SHORELINE BLVD STE 322,CORPUS CHRSTI,TX,78401,,,,,,,"HALL, E",ft,45,17790305,,28.9653124,-96.0002649,GULF COAST,28.9653124,-96.0002649,26834,ft,768003,GULF COAST CENTRAL,,,"MAGNUM PRODUCING, LP",
4212333232,2,2013-07-17,2013-07-19,2015-07-19,TX,DEWITT (TX),MAGNUM PROD,BOCK,1,"FRIO,LULING,SLICK,WILCOX,WILCOX A,WILCOX B",7680,7680,NewDrill,OIL & GAS,V,P & A,Expired,"WILDCAT,YORKTOWN, S.,YORKTOWN, S. W.","MAGNUM PRODUCING, LP",,KEN AHUJA,3618823858,500 N SHORELINE BLVD STE 322,CORPUS CHRSTI,TX,78401,,,,,,,"TINSLEY, J T",ft,455,18635732,,28.9661490,-97.4201514,GULF COAST,28.9661490,-97.4201514,277275,ft,766603,GULF COAST WEST,EAGLEFORD,EAGLE FORD DRY,"MAGNUM PRODUCING, LP",
4223933609,2,2013-06-17,2013-06-20,2015-06-20,TX,JACKSON (TX),MAGNUM PROD,HAFERNICK UNIT,2,"COMBINED ASSOCIATED,FRIO,SAND",6200,6200,NewDrill,OIL & GAS,V,P & A,Expired,"EDNA, EAST,HAFERNICK,WESTHOFF,WILDCAT","MAGNUM PRODUCING, LP",,KEN AHUJA,3618823858,500 N SHORELINE BLVD STE 322,CORPUS CHRSTI,TX,78401,,,,,,,"HEARD, W",ft,31,17566799,true,28.9869859,-96.5952333,GULF COAST,28.9869859,-96.5952333,274193,ft,764798,GULF COAST WEST,,,"MAGNUM PRODUCING, LP",
4223933601,2,2013-04-15,2013-04-18,2015-04-18,TX,JACKSON (TX),MAGNUM PROD,SIMONS-HAFERNICK UNIT,1,"COMBINED ASSOCIATED,FRIO,FRIO,BASAL,W.",6600,6600,NewDrill,OIL & GAS,V,INACTIVE,Expired,"WESTHOFF,WESTHOFF RANCH,WESTHOFF RANCH, N.","MAGNUM PRODUCING, LP",,KEN AHUJA,361-882-3858,500 N SHORELINE BLVD STE 322,CORPUS CHRSTI,TX,78401,,,,,,,"HEARD, W",ft,31,17626429,false,28.9751863,-96.5928389,GULF COAST,28.9751863,-96.5928389,10778,ft,760787,GULF COAST WEST,,,"MAGNUM PRODUCING, LP",
4212333137,2,2013-04-15,2013-04-18,2015-04-18,TX,DEWITT (TX),MAGNUM PROD,BRANDT-KAISER-LEMKE GU,1,FRIO,3000,3000,NewDrill,OIL & GAS,V,P & A,Expired,"HOLLY,HOLLY, NW.,HOLLY, WEST,WILDCAT","MAGNUM PRODUCING, LP",,KEN AHUJA,3618823858,500 N SHORELINE BLVD STE 322,CORPUS CHRSTI,TX,78401,,,,,,,"LESTER, W",ft,315,17389576,false,28.9271896,-97.4099264,GULF COAST,28.9271896,-97.4099264,270481,ft,760732,GULF COAST WEST,EAGLEFORD,EAGLE FORD DRY,"MAGNUM PRODUCING, LP",
4202533863,2,2013-03-19,2013-03-20,2015-03-20,TX,BEE (TX),MAGNUM PROD,ALMA,1,HOCKLEY,4000,4000,NewDrill,OIL & GAS,V,EXPIRED PERMIT,Expired,"MALCOMB,WILDCAT","MAGNUM PRODUCING, LP",,KEN AHUJA,3618823858,500 N SHORELINE BLVD STE 322,CORPUS CHRSTI,TX,78401,,,,,,,"PEREZ, E",ft,271,15969303,false,28.4505212,-97.8479139,GULF COAST,28.4505212,-97.8479139,,ft,758955,GULF COAST WEST,EAGLEFORD,EAGLE FORD DRY,"MAGNUM PRODUCING, LP",
4248135287,3,2013-02-19,2013-02-22,2015-02-22,TX,WHARTON (TX),MAGNUM PROD,OVERLAND,1,"BARNETT,BLACKBURN,CAMERON,EVANS,FRIO,MAYFIELD,MIOCENE,OWENS,PERRY,ROOME,ROUX,SHOUP,TOWNSEND",7500,7500,NewDrill,OIL & GAS,V,P & A,Expired,"LOUISE,WILDCAT","MAGNUM PRODUCING, LP",,KEN AHUJA,3618823858,500 N SHORELINE BLVD STE 322,CORPUS CHRSTI,TX,78401,,23,,,,,M&C,ft,287,16984235,false,29.0571737,-96.3936074,GULF COAST,29.0571737,-96.3936074,279165,ft,757079,GULF COAST CENTRAL,,,"MAGNUM PRODUCING, LP",
4224532756,3,2013-01-18,2013-01-31,2015-01-31,TX,JEFFERSON (TX),MAGNUM PROD,FITZHUGH,2,"DISCORBIS B,FRIO UPPER,HETEROSTEGINA,MARGINULINA,MIOCENE,MIOCENE SIPHONINA",7200,7200,NewDrill,OIL & GAS,V,INACTIVE,Expired,"BIG HILL,BIG HILL*,WILDCAT","MAGNUM PRODUCING, LP",,KEN AHUJA,3618823858,500 N SHORELINE BLVD STE 322,CORPUS CHRSTI,TX,78401,,,,,,,STEPHEN EATON SURVEY,ft,22,18463605,true,29.7456027,-94.2625864,GULF COAST,29.7456027,-94.2625864,26262,ft,755094,GULF COAST CENTRAL,,,"MAGNUM PRODUCING, LP",
4232132354,3,2013-01-08,2013-01-15,2015-01-15,TX,MATAGORDA (TX),MAGNUM PROD,BAPTIST FOUNDATION,2,"DISCORBIS -D-,FRIO,FRIO B-2,NODOSARIA",12600,12600,NewDrill,OIL & GAS,V,INACTIVE,Expired,"BUTTERMILK,BUTTERMILK SLOUGH,WILDCAT","MAGNUM PRODUCING, LP",,KEN AHUJA,3618823858,500 N SHORELINE BLVD STE 322,CORPUS CHRSTI,TX,78401,,5,,,,,"DUNCAN, J",ft,140,17050287,false,28.7304350,-96.3146582,GULF COAST,28.7304350,-96.3146582,279199,ft,754327,GULF COAST CENTRAL,,,"MAGNUM PRODUCING, LP",
4229735189,2,2012-07-20,2012-08-03,2014-08-03,TX,LIVE OAK (TX),MAGNUM PROD,HOLM-MCCLELLAND,1,"HOCKLEY A,PETTUS -C-",3300,3300,NewDrill,OIL & GAS,V,P & A,Expired,"OAKVILLE,WILDCAT","MAGNUM PRODUCING, LP",,KEN AHUJA,3618823858,500 N SHORELINE BLVD STE 322,CORPUS CHRSTI,TX,78401,,,,,,,CAMERON CSL,ft,146,16203912,false,28.3865180,-98.1436829,GULF COAST,28.3865180,-98.1436829,,ft,745057,GULF COAST WEST,EAGLEFORD,EAGLE FORD DRY,"MAGNUM PRODUCING, LP",
4236130923,3,2012-02-06,2012-02-16,2014-02-16,TX,ORANGE (TX),MAGNUM PROD,OLYMPIA ROYALTY,1,NODOSARIA,9900,9900,NewDrill,OIL & GAS,V,P & A,Expired,"BLAND,WILDCAT","MAGNUM PRODUCING, LP",,KEN AHUJA,3618823858,500 N SHORELINE BLVD STE 322,CORPUS CHRSTI,TX,78401,,5,,,,,I&GN RR CO,ft,115,18314349,false,30.1447279,-93.9170202,GULF COAST,30.1447279,-93.9170202,,ft,733258,GULF COAST CENTRAL,,,"MAGNUM PRODUCING, LP",
4248135221,3,2011-12-16,2011-12-21,2013-12-21,TX,WHARTON (TX),MAGNUM PROD,MCINTYRE,8,"BARNETT,BLACKBURN,CAMERON,EVANS,FRIO,MAYFIELD,MIOCENE,OWENS,PERRY,ROOME,ROUX,SHOUP,TOWNSEND",7500,7500,NewDrill,OIL & GAS,V,INACTIVE,Expired,LOUISE,"MAGNUM PRODUCING, LP",,KEN AHUJA,3618823858,500 N SHORELINE BLVD STE 322,CORPUS CHRSTI,TX,78401,,25,,,,,M&C,ft,288,16546576,false,29.0728788,-96.3739333,GULF COAST,29.0728788,-96.3739333,26743,ft,730197,GULF COAST CENTRAL,,,"MAGNUM PRODUCING, LP",
4214933238,3,2011-09-01,2011-09-08,2013-09-08,TX,FAYETTE (TX),MAGNUM PROD,LEHMANN-ZOCH,1,WILCOX,5600,5600,NewDrill,OIL & GAS,V,P & A,Expired,"BIG JOE,GIDDINGS,WILDCAT","MAGNUM PRODUCING, LP",,KEN AHUJA,3618823858,500 N SHORELINE BLVD STE 322,CORPUS CHRSTI,TX,78401,,,,,,,THOMAS GREEN 1/3 LEAGUE,ft,191,16555254,false,30.0709058,-96.8814313,GULF COAST,30.0709058,-96.8814313,264922,ft,723506,GULF COAST CENTRAL,EAGLEBINE,GIDDINGS,"MAGNUM PRODUCING, LP",
4232132325,3,2011-06-03,2011-06-07,2013-06-07,TX,MATAGORDA (TX),MAGNUM PROD,HAWKINS RANCH,1,"MIO,N. BRUNNER,SAND",6800,6800,NewDrill,GAS,V,P & A,Expired,"BOGGY BAYOU,SARGENT","MAGNUM PRODUCING, LP",,KEN AHUJA,3618823858,500 N SHORELINE BLVD STE 322,CORPUS CHRSTI,TX,78401,,60,,,,,"PENTECOST, G S",ft,71,16207515,false,28.8277964,-95.7099312,GULF COAST,28.8277964,-95.7099312,,ft,717722,GULF COAST CENTRAL,,,"MAGNUM PRODUCING, LP",
4204732454,4,2011-04-20,2011-04-29,2013-04-29,TX,BROOKS (TX),MAGNUM PROD,CAGE RANCH,1,"VICKSBURG,VICKSBURG UP.,VXBG.",8600,8600,NewDrill,OIL & GAS,V,P & A,Expired,"CAGE RANCH,WILDCAT","MAGNUM PRODUCING, LP",2012-01-27,KEN AHUJA,3618823858,500 N SHORELINE BLVD STE 322,CORPUS CHRSTI,TX,78401,,,,,,,"VARGAS, L",ft,603,16636250,,27.1238546,-98.1972904,GULF COAST,27.1238546,-98.1972904,266660,ft,714702,GULF COAST WEST,,,"MAGNUM PRODUCING, LP",
4240932951,4,2011-04-08,2011-04-13,2013-04-13,TX,SAN PATRICIO (TX),MAGNUM PROD,FLINN,1,,4812,4812,NewDrill,OIL & GAS,V,INACTIVE,Expired,"TAFT,WILDCAT","MAGNUM PRODUCING, LP",2012-05-23,KEN AHUJA,3618823858,500 N SHORELINE BLVD STE 322,CORPUS CHRSTI,TX,78401,,,,,,,"ROSS, R",ft,227,17130694,,28.0149973,-97.3875892,GULF COAST,28.0149973,-97.3875892,13724,ft,713862,GULF COAST WEST,,,"MAGNUM PRODUCING, LP",
4236130911,3,2011-02-10,2011-02-21,2013-02-21,TX,ORANGE (TX),MAGNUM PROD,TORTORIS ET AL,1,SEG WEST,9000,8752,NewDrill,OIL & GAS,D,P & A,Expired,"PORT NECHES, N,WILDCAT","MAGNUM PRODUCING, LP",,KEN AHUJA,3618823858,500 N SHORELINE BLVD STE 322,CORPUS CHRSTI,TX,78401,,,,,,,"ALLEN, W",ft,28,16626095,false,30.0422942,-93.9802913,GULF COAST,30.0394950,-93.9771136,264350,ft,710073,GULF COAST CENTRAL,,,"MAGNUM PRODUCING, LP",
4232132318,3,2010-11-22,2010-11-23,2012-11-23,TX,MATAGORDA (TX),MAGNUM PROD,HUEBNER,1,"ANOMALINA,HUEBNER",11000,11000,NewDrill,OIL & GAS,V,INACTIVE,Expired,"LUCKY,LUCKY, EAST,WILDCAT","MAGNUM PRODUCING, LP",,KYLE GRANT,5124783456,500 N SHORELINE BLVD STE 322,CORPUS CHRSTI,TX,78401,,,,,,,"HALL, E",ft,45,18743466,false,28.9517742,-95.9872611,GULF COAST,28.9517742,-95.9872611,26193,ft,705830,GULF COAST CENTRAL,,,"MAGNUM PRODUCING, LP",
4208932636,3,2010-08-12,2010-08-19,2012-08-19,TX,COLORADO (TX),MAGNUM PROD,KAHLDEN,1,WILCOX,11300,11300,NewDrill,OIL & GAS,V,P & A,Expired,"GLASSCOCK,PRAIRIE BELL,WILDCAT","MAGNUM PRODUCING, LP",,RAJAN AHUJA,361-882-3858,500 N SHORELINE BLVD STE 322,CORPUS CHRSTI,TX,78401,,59,,,,,I&GN RR CO,ft,302,17820080,false,29.5879240,-96.6297540,GULF COAST,29.5879240,-96.6297540,260721,ft,700634,GULF COAST CENTRAL,EAGLEBINE,,"MAGNUM PRODUCING, LP",
4228533572,2,2010-05-24,2010-05-26,2012-05-26,TX,LAVACA (TX),MAGNUM PROD,SIBLEY,1,"DAGG,HOPE,WILCOX,ZOELLER",12000,12000,NewDrill,OIL & GAS,V,P & A,Expired,"ESPERANZA,ESPERANZA, SOUTH,WILDCAT","MAGNUM PRODUCING, LP",,RAJAN AHUJA,361-882-3858,500 N SHORELINE BLVD STE 322,CORPUS CHRSTI,TX,78401,,,,,,,"DELAPLAIN, A C",ft,554,16168142,false,29.1864101,-96.9132627,GULF COAST,29.1864101,-96.9132627,,ft,696439,GULF COAST WEST,EAGLEFORD,EAGLE FORD DRY,"MAGNUM PRODUCING, LP",
4229132817,3,2010-05-20,2010-05-26,2012-05-26,TX,LIBERTY (TX),MAGNUM PROD,"QUINN, B.E.",2,"COOK MTN.,WILCOX -QUINN SD.,YEGUA",9500,9500,NewDrill,OIL & GAS,V,P & A,Expired,"MCCOY,MCCOY, NORTH,WILDCAT","MAGNUM PRODUCING, LP",2010-06-28,RAJAN AHUJA,361-882-3858,500 N SHORELINE BLVD STE 322,CORPUS CHRSTI,TX,78401,,,,,,,"DONAHO, D",,24,16189525,,30.3545212,-95.0030982,GULF COAST,30.3545212,-95.0030982,,ft,696384,GULF COAST CENTRAL,,,"MAGNUM PRODUCING, LP",
4214933213,3,2010-05-10,2010-05-14,2012-05-14,TX,FAYETTE (TX),MAGNUM PROD,MCKINNEY UNIT,1,,7000,7000,NewDrill,OIL & GAS,V,P & A,Expired,WILDCAT,"MAGNUM PRODUCING, LP",2010-05-26,RAJAN AHUJA,361-882-3858,500 N SHORELINE BLVD STE 322,CORPUS CHRSTI,TX,78401,,,,,,,"GREEN, J",ft,189,16080529,,30.0315012,-96.8698746,GULF COAST,30.0315012,-96.8698746,25885,ft,695747,GULF COAST CENTRAL,EAGLEBINE,GIDDINGS,"MAGNUM PRODUCING, LP",
4247730981,3,2010-04-28,2010-05-04,2012-05-04,TX,WASHINGTON (TX),MAGNUM PROD,WILLIAMS ET AL,1,WILDCAT,7200,7200,NewDrill,OIL & GAS,V,P & A,Expired,WILDCAT,"MAGNUM PRODUCING, LP",,RAJAN AHUJA,361-882-3858,500 N SHORELINE BLVD STE 322,CORPUS CHRSTI,TX,78401,,,,,,,"MC PHERSON, D",ft,161,16317856,false,30.1530200,-96.7652658,GULF COAST,30.1530200,-96.7652658,,ft,695177,GULF COAST CENTRAL,EAGLEBINE,,"MAGNUM PRODUCING, LP",
4247730980,3,2010-04-08,2010-04-09,2012-04-09,TX,WASHINGTON (TX),MAGNUM PROD,EASLEY,1,WILDCAT,7200,7200,NewDrill,OIL & GAS,V,P & A,Expired,WILDCAT,"MAGNUM PRODUCING, LP",,RAJAN AHUJA,361-882-3858,500 N SHORELINE BLVD STE 322,CORPUS CHRSTI,TX,78401,,,,,,,"WINDBURN, M",ft,190,16317855,false,30.1512320,-96.7374333,GULF COAST,30.1512320,-96.7374333,,ft,694121,GULF COAST CENTRAL,EAGLEBINE,,"MAGNUM PRODUCING, LP",
4204132043,3,2010-03-05,2010-03-08,2012-03-08,TX,BRAZOS (TX),MAGNUM PROD,MCFARLANE,1,MILLICAN DOME *,7000,7000,NewDrill,OIL & GAS,V,P & A,Expired,"MILLICAN DOME,MILLICAN DOME *,WILDCAT","MAGNUM PRODUCING, LP",,RAJAN AHUJA,361-882-3858,500 N SHORELINE BLVD STE 322,CORPUS CHRSTI,TX,78401,,,,,,,"SUTHERLAND, W",ft,55,15995633,false,30.4546118,-96.2517854,GULF COAST,30.4546118,-96.2517854,,ft,692390,GULF COAST CENTRAL,EAGLEBINE,GIDDINGS,"MAGNUM PRODUCING, LP",
4214933210,3,2010-01-19,2010-01-29,2012-01-29,TX,FAYETTE (TX),MAGNUM PROD,LEHMANN ET AL,1,WILCOX,6000,6000,NewDrill,OIL & GAS,V,P & A,Expired,"BIG JOE,WILDCAT","MAGNUM PRODUCING, LP",,RAJAN AHUJA,361-882-3858,500 N SHORELINE BLVD STE 322,CORPUS CHRSTI,TX,78401,,,,,,,"GREEN, T",ft,191,18689184,false,30.0690993,-96.8836642,GULF COAST,30.0690993,-96.8836642,277250,ft,689977,GULF COAST CENTRAL,EAGLEBINE,GIDDINGS,"MAGNUM PRODUCING, LP",
4214933208,3,2010-01-11,2010-01-20,2012-01-20,TX,FAYETTE (TX),MAGNUM PROD,ROYAL ET AL,1,WILCOX 7300,7600,7600,NewDrill,OIL & GAS,V,INACTIVE,Expired,WILDCAT,"MAGNUM PRODUCING, LP",,RAJAN AHUJA,361-882-3858,500 N SHORELINE BLVD STE 322,CORPUS CHRSTI,TX,78401,,,,,,,"LOGAN, J",ft,66,18447620,false,30.0132962,-96.6465417,GULF COAST,30.0132962,-96.6465417,26501,ft,689604,GULF COAST CENTRAL,EAGLEBINE,GIDDINGS,"MAGNUM PRODUCING, LP",
4240932917,4,2009-11-17,2009-11-18,2011-11-18,TX,SAN PATRICIO (TX),MAGNUM PROD,B. J. PYRON,1,"FRIO,FRIO SAND,FRIO SD.,SAND",10000,10000,NewDrill,OIL & GAS,V,P & A,Expired,"TRIPLE -A-,WILDCAT","MAGNUM PRODUCING, LP",,"RAJAN AHUJA, VP",361-882-3858,500 N SHORELINE BLVD STE 322,CORPUS CHRSTI,TX,78401,,,,,,,"RAMON, M",ft,224,16290798,false,28.0065002,-97.4085663,GULF COAST,28.0065002,-97.4085663,,ft,687521,GULF COAST WEST,,,"MAGNUM PRODUCING, LP",
4224732435,4,2009-06-10,2009-06-18,2011-06-18,TX,JIM HOGG (TX),MAGNUM PROD,GARCIA,1,QUEEN CITY,8500,8500,NewDrill,OIL & GAS,V,P & A,Expired,"RAMIREZ,WILDCAT","MAGNUM PRODUCING, LP",,RAJAN AHUJA,361-882-3858,500 N SHORELINE BLVD STE 322,CORPUS CHRSTI,TX,78401,,573,,,,,"DAVID, T R",ft,90,16167045,false,27.1497285,-98.8705377,GULF COAST,27.1497285,-98.8705377,,ft,682033,GULF COAST WEST,,,"MAGNUM PRODUCING, LP",
4228533541,2,2009-03-30,2009-03-31,2011-03-31,TX,LAVACA (TX),MAGNUM PROD,PLOEGER 'D',5,WILCOX,12300,12300,NewDrill,OIL & GAS,V,P & A,Expired,"THE RAPTURE,WILDCAT","MAGNUM PRODUCING, LP",,KYLE GRANT,512-478-3456,500 N SHORELINE BLVD STE 322,CORPUS CHRSTI,TX,78401,,,,,,,"FOOTMAN, J",ft,731,18294910,false,29.1552732,-96.8116021,GULF COAST,29.1552732,-96.8116021,,ft,679953,GULF COAST WEST,EAGLEFORD,EAGLE FORD DRY,"MAGNUM PRODUCING, LP",
4200730908,4,2009-03-25,2009-03-27,2011-03-27,TX,ARANSAS (TX),MAGNUM PROD,STATE TRACT 44 UNIT,1,"FRIO -F-,FRIO -G-",12500,11772,NewDrill,OIL & GAS,D,INACTIVE,Expired,"WILDCAT,ZOLLER","MAGNUM PRODUCING, LP",2010-02-02,KYLE GRANT,512-478-3456,500 N SHORELINE BLVD STE 322,CORPUS CHRSTI,TX,78401,,,,,,,"NEWCOMB, T",ft,165,16852955,,28.3162531,-96.7948853,GULF COAST,28.3117078,-96.7924892,10230,ft,679847,GULF COAST WEST,,,"MAGNUM PRODUCING, LP",
4229734832,2,2009-02-24,2009-02-25,2011-02-25,TX,LIVE OAK (TX),MAGNUM PROD,SMITH GAS UNIT NO. 2,1,"WILCOX-MACKHANK,WILCOX-MASSIVE",8500,8500,NewDrill,OIL & GAS,V,P & A,Expired,"HARRIS,WILDCAT","MAGNUM PRODUCING, LP",,KYLE GRANT,512-478-3456,500 N SHORELINE BLVD STE 322,CORPUS CHRSTI,TX,78401,,,,,,,CAMERON CSL,ft,146,16195156,false,28.3374133,-98.1354583,GULF COAST,28.3374133,-98.1354583,,ft,678859,GULF COAST WEST,EAGLEFORD,EAGLE FORD DRY,"MAGNUM PRODUCING, LP",
4208932596,3,2008-09-22,2008-10-04,2010-10-04,TX,COLORADO (TX),MAGNUM PROD,BALUSEK,1,"CONROE GAS,DUNN,MCVAY,WILCOX,WILCOX-BIRD DOG",13500,13500,NewDrill,OIL & GAS,V,P & A,Expired,"GARWOOD,GARWOOD, NW.,GARWOOD, W.,WILDCAT","MAGNUM PRODUCING, LP",,CHRISTINA  DANIEL,512-478-3456,500 N SHORELINE BLVD STE 322,CORPUS CHRSTI,TX,78401,,,,,,,"WOOLY, E S",ft,584,16728789,false,29.3949951,-96.5854167,GULF COAST,29.3949951,-96.5854167,257206,ft,671589,GULF COAST CENTRAL,EAGLEBINE,,"MAGNUM PRODUCING, LP",
4229734801,2,2008-07-24,2008-08-15,2010-08-15,TX,LIVE OAK (TX),MAGNUM PROD,KENDALL,1,QUEEN CITY,7000,7000,NewDrill,OIL & GAS,V,P & A,Expired,"KENDALL,WILDCAT","MAGNUM PRODUCING, LP",,,,500 N SHORELINE BLVD STE 322,CORPUS CHRSTI,TX,78401,,,,,,,CAMERON CSL,ft,145,17430456,false,28.3209846,-98.1388834,GULF COAST,28.3209846,-98.1388834,244450,ft,667471,GULF COAST WEST,EAGLEFORD,EAGLE FORD DRY,"MAGNUM PRODUCING, LP",
4228533508,2,2008-07-22,2008-08-09,2010-08-09,TX,LAVACA (TX),MAGNUM PROD,"BORCHERS ""D""",5,,3800,3800,NewDrill,OIL & GAS,V,P & A,Expired,"MORALES, NORTH,WILDCAT","MAGNUM PRODUCING, LP",,KYLE GRANT,512-478-3456,500 N SHORELINE BLVD STE 322,CORPUS CHRSTI,TX,78401,,,,,,,"HARDY, W",ft,19,16185762,false,29.1957306,-96.7908894,GULF COAST,29.1957306,-96.7908894,,ft,667248,GULF COAST WEST,EAGLEFORD,EAGLE FORD DRY,"MAGNUM PRODUCING, LP",
4224532563,3,2008-07-09,2008-07-29,2010-12-16,TX,JEFFERSON (TX),MAGNUM PROD,FRIENDSHIP G.U.,7,FRIO,12900,,NewDrill,GAS,D,INACTIVE,Expired,"BIG HILL, NW.,BIG HILL, WEST","MAGNUM PRODUCING, LP",2008-12-16,DON RHODES,512-458-6351,500 N SHORELINE BLVD STE 322,CORPUS CHRSTI,TX,78401,,176,,,,,"T&NO RR CO/BALDWIN, W M",,625,17783208,,29.7675622,-94.3049648,GULF COAST,29.7675039,-94.3050605,250605,ft,666342,GULF COAST CENTRAL,,,"MAGNUM PRODUCING, LP",
4228533504,2,2008-06-27,2008-07-21,2010-07-21,TX,LAVACA (TX),MAGNUM PROD,MENNING,1,WILCOX,9500,9500,NewDrill,OIL & GAS,V,INACTIVE,Expired,"FOSS-BROWN,WILDCAT","MAGNUM PRODUCING, LP",,,,500 N SHORELINE BLVD STE 322,CORPUS CHRSTI,TX,78401,,,,,,,"WILLIAMS, M",ft,58,16679991,false,29.1290594,-96.8582981,GULF COAST,29.1292331,-96.8579121,245422,ft,665615,GULF COAST WEST,EAGLEFORD,EAGLE FORD DRY,"MAGNUM PRODUCING, LP",
4240932890,4,2008-05-13,2008-05-27,2010-05-27,TX,SAN PATRICIO (TX),MAGNUM PROD,BLACKSTONE UNIT,1,,10000,10000,NewDrill,OIL & GAS,V,P & A,Expired,WILDCAT,"MAGNUM PRODUCING, LP",,,,500 N SHORELINE BLVD STE 322,CORPUS CHRSTI,TX,78401,,,,,,X,"BOWEN, J",ft,1,16980166,false,28.1083302,-97.6659585,GULF COAST,28.1083302,-97.6659585,249416,ft,661859,GULF COAST WEST,,,"MAGNUM PRODUCING, LP",
4213139094,4,2008-05-07,2008-05-19,2010-05-19,TX,DUVAL (TX),MAGNUM PROD,LOPEZ-GESSLING/STATE UNIT,1,WILCOX CONS.,11000,11000,NewDrill,OIL & GAS,V,P & A,Expired,"ROSITA, NW,WILDCAT","MAGNUM PRODUCING, LP",,,,500 N SHORELINE BLVD STE 322,CORPUS CHRSTI,TX,78401,,118,,,,,"BS&F/ MERELES, G",ft,1869,16068905,false,27.7848792,-98.5593366,GULF COAST,27.7848792,-98.5593366,,ft,661449,GULF COAST WEST,,,"MAGNUM PRODUCING, LP",
4215732479,3,2007-09-17,2007-09-21,2009-09-21,TX,FORT BEND (TX),MAGNUM PROD,GORKA-GEORGE GU,3,MIOCENE,4500,4500,NewDrill,OIL & GAS,V,P & A,Expired,"THOMPSON, SOUTH,THOMPSON, W.,WILDCAT","MAGNUM PRODUCING, LP",,MICHAEL HOFFMAN,512-478-3456,500 N SHORELINE BLVD STE 322,CORPUS CHRSTI,TX,78401,,,,,,,"PEEBLES, R",ft,67,17409229,false,29.4244264,-95.6293381,GULF COAST,29.4244264,-95.6293381,232503,ft,646226,GULF COAST CENTRAL,,,"MAGNUM PRODUCING, LP",
4215732477,3,2007-09-11,2007-09-14,2009-09-14,TX,FORT BEND (TX),MAGNUM PROD,GORKA-GEORGE GU,2,MIOCENE,4500,4500,NewDrill,OIL & GAS,V,P & A,Expired,"THOMPSON, SOUTH,THOMPSON, W.,WILDCAT","MAGNUM PRODUCING, LP",,,,500 N SHORELINE BLVD STE 322,CORPUS CHRSTI,TX,78401,,,,,,,"MILBURN, D H",ft,59,17501314,false,29.4279542,-95.6359883,GULF COAST,29.4279542,-95.6359883,231720,ft,645897,GULF COAST CENTRAL,,,"MAGNUM PRODUCING, LP",
4215732468,3,2007-08-15,2007-08-17,2009-08-17,TX,FORT BEND (TX),MAGNUM PROD,"GORKA, JIM",1,MIOCENE,4500,4500,NewDrill,OIL & GAS,V,P & A,Expired,"THOMPSON, SOUTH,THOMPSON, W.,WILDCAT","MAGNUM PRODUCING, LP",2007-10-23,,,500 N SHORELINE BLVD STE 322,CORPUS CHRSTI,TX,78401,,,,,,,"MILBURN, D H",,59,17837121,,29.4275764,-95.6378411,GULF COAST,29.4275764,-95.6378411,232400,ft,644477,GULF COAST CENTRAL,,,"MAGNUM PRODUCING, LP",
4212332175,2,2007-08-01,2007-08-13,2009-08-13,TX,DEWITT (TX),MAGNUM PROD,EASLEY,1,WILCOX,9300,9300,NewDrill,OIL & GAS,V,P & A,Expired,"THOMASTON,WILDCAT","MAGNUM PRODUCING, LP",,,,500 N SHORELINE BLVD STE 322,CORPUS CHRSTI,TX,78401,,,,,,,"BURNS, A",ft,6,16033535,false,29.0654066,-97.1830868,GULF COAST,29.0654066,-97.1830868,,ft,643649,GULF COAST WEST,EAGLEFORD,EAGLE FORD DRY,"MAGNUM PRODUCING, LP",
4240932866,4,2007-05-24,2007-05-31,2009-05-31,TX,SAN PATRICIO (TX),MAGNUM PROD,WELDER HEIRS,2,"-A,-A-,-B,-B-,FRIO,MASSIVE FRIO,STRAY,STRINGER",8000,8000,NewDrill,OIL & GAS,V,P & A,Expired,"ODEM,WILDCAT","MAGNUM PRODUCING, LP",,,,500 N SHORELINE BLVD STE 322,CORPUS CHRSTI,TX,78401,,,,,,,"DE LA GARZA, J W A & THREE SONS",ft,8,16658655,false,27.9348409,-97.6721287,GULF COAST,27.9348409,-97.6721287,231856,ft,639617,GULF COAST WEST,,,"MAGNUM PRODUCING, LP",
4215732447,3,2007-03-12,2007-03-20,2009-03-20,TX,FORT BEND (TX),MAGNUM PROD,GEORGE FOUNDATION,1,MIOCENE,5000,5000,NewDrill,OIL & GAS,V,P & A,Expired,"THOMPSON, SOUTH,THOMPSON, W.,WILDCAT","MAGNUM PRODUCING, LP",,,,500 N SHORELINE BLVD STE 322,CORPUS CHRSTI,TX,78401,,,,,,,"POLLEY, J H",ft,70,18260932,false,29.4164759,-95.6152517,GULF COAST,29.4164759,-95.6152517,,ft,635021,GULF COAST CENTRAL,,,"MAGNUM PRODUCING, LP",
4223933396,2,2006-11-27,2006-11-28,2008-11-28,TX,JACKSON (TX),MAGNUM PROD,DOROTIK G. U.,1R,WILCOX,10000,10000,NewDrill,OIL & GAS,V,INACTIVE,Expired,"FOSS-BROWN,WILDCAT","MAGNUM PRODUCING, LP",,MICHAEL HOFFMAN,512-478-3456,500 N SHORELINE BLVD STE 322,CORPUS CHRSTI,TX,78401,,,,,,,"HANSON, T",ft,120,16567591,false,29.1299242,-96.8236331,GULF COAST,29.1299242,-96.8236331,270531,ft,629567,GULF COAST WEST,,,"MAGNUM PRODUCING, LP",
4215732431,3,2006-11-10,2006-11-10,2008-11-10,TX,FORT BEND (TX),MAGNUM PROD,GORKA-GEORGE GU,1,MIOCENE,5000,5000,NewDrill,OIL & GAS,V,P & A,Expired,"THOMPSON, SOUTH,THOMPSON, W.,WILDCAT","MAGNUM PRODUCING, LP",,,,500 N SHORELINE BLVD STE 322,CORPUS CHRSTI,TX,78401,,,,,,,"MILBURN, D H",ft,59,16700609,false,29.4258738,-95.6328443,GULF COAST,29.4258738,-95.6328443,225929,ft,628852,GULF COAST CENTRAL,,,"MAGNUM PRODUCING, LP",
4223933393,2,2006-11-03,2006-11-07,2008-11-07,TX,JACKSON (TX),MAGNUM PROD,DOROTIK G. U.,1,WILCOX,10000,10000,NewDrill,OIL & GAS,V,P & A,Expired,"FOSS-BROWN,WILDCAT","MAGNUM PRODUCING, LP",,,,500 N SHORELINE BLVD STE 322,CORPUS CHRSTI,TX,78401,,,,,,,"HANSON, T",ft,120,16168199,false,29.1298659,-96.8236998,GULF COAST,29.1298659,-96.8236998,,ft,628556,GULF COAST WEST,,,"MAGNUM PRODUCING, LP",
4201530923,3,2006-10-26,2006-10-27,2008-10-27,TX,AUSTIN (TX),MAGNUM PROD,"RICHARDSON, ET AL GU",1,"WILCOX,WILCOX J-2,WILCOX K,WILCOX L,WILCOX M-2,WILCOX, SOUTH",11500,11500,NewDrill,OIL & GAS,V,INACTIVE,Expired,"SEALY,WILDCAT","MAGNUM PRODUCING, LP",,,,500 N SHORELINE BLVD STE 322,CORPUS CHRSTI,TX,78401,,,,,,,SAN FELIPE DE AUSTIN,ft,5,17110428,false,29.7538390,-96.1878149,GULF COAST,29.7538390,-96.1878149,238352,ft,628134,GULF COAST CENTRAL,EAGLEBINE,,"MAGNUM PRODUCING, LP",
4229132681,3,2006-09-20,2006-09-20,2008-09-20,TX,LIBERTY (TX),MAGNUM PROD,GROGAN-BLACKSTONE UNIT,1,"COOK MTN.,WILCOX -QUINN SD.,WILCOX 2,YEGUA",10000,10000,NewDrill,OIL & GAS,V,P & A,Expired,"MCCOY,MCCOY, EAST,MCCOY, NORTH,WILDCAT","MAGNUM PRODUCING, LP",,WELDON WATERS,512-478-3456,500 N SHORELINE BLVD STE 322,CORPUS CHRSTI,TX,78401,,,,,,,"DONAHO, D",ft,24,16968231,false,30.3463454,-95.0309694,GULF COAST,30.3463454,-95.0309694,24983,ft,626267,GULF COAST CENTRAL,,,"MAGNUM PRODUCING, LP",
4228533318,2,2006-08-22,2006-08-22,2008-08-22,TX,LAVACA (TX),MAGNUM PROD,L RANCH,1,"WILCOX,WILCOX -C-",12000,12000,NewDrill,OIL & GAS,V,P & A,Expired,"CHICOLETE CREEK,WILDCAT","MAGNUM PRODUCING, LP",,,,500 N SHORELINE BLVD STE 322,CORPUS CHRSTI,TX,78401,,,,,,,"TEAL, MRS A",ft,566,17119643,false,29.0945895,-96.9410289,GULF COAST,29.0945895,-96.9410289,229712,ft,624736,GULF COAST WEST,EAGLEFORD,EAGLE FORD DRY,"MAGNUM PRODUCING, LP",
4224532446,3,2006-06-28,2006-06-29,2008-06-29,TX,JEFFERSON (TX),MAGNUM PROD,"FRIENDSHIP ""A""",6,"FRIO,FRIO UPPER 2,HETEROSTEGINA,MARGINULINA,MIOCENE SIPHONINA",10500,10500,NewDrill,OIL & GAS,V,P & A,Expired,"BIG HILL,BIG HILL, W.,WILDCAT","MAGNUM PRODUCING, LP",,,,500 N SHORELINE BLVD STE 322,CORPUS CHRSTI,TX,78401,,174,,,,,"T&NO RR CO/DAVIS, S",ft,493,16539516,false,29.7651378,-94.2751496,GULF COAST,29.7651378,-94.2751496,242992,ft,621758,GULF COAST CENTRAL,,,"MAGNUM PRODUCING, LP",
4228533284,2,2006-06-16,2006-06-16,2008-06-16,TX,LAVACA (TX),MAGNUM PROD,BMB INVESTMENTS,1,WILCOX -C-,11318,10618,NewDrill,OIL & GAS,D,INACTIVE,Expired,"CHICOLETE CREEK,WILDCAT","MAGNUM PRODUCING, LP",2006-12-19,,,500 N SHORELINE BLVD STE 322,CORPUS CHRSTI,TX,78401,,,,,,,"FOLEY, S T",ft,192,17700975,,29.1214813,-96.9329579,GULF COAST,29.1229670,-96.9335407,272206,ft,621157,GULF COAST WEST,EAGLEFORD,EAGLE FORD DRY,"MAGNUM PRODUCING, LP",
4223933374,2,2006-05-10,2006-05-11,2008-05-11,TX,JACKSON (TX),MAGNUM PROD,PLOEGER 'B',3,UPPER,3000,3000,NewDrill,OIL & GAS,V,P & A,Expired,"BORCHERS,BORCHERS, EAST,WILDCAT","MAGNUM PRODUCING, LP",,,,500 N SHORELINE BLVD STE 322,CORPUS CHRSTI,TX,78401,,,,,,,"FAGAN, E",ft,315,16800082,false,29.1543101,-96.8091762,GULF COAST,29.1543101,-96.8091762,225469,ft,619045,GULF COAST WEST,,,"MAGNUM PRODUCING, LP",
4228533273,2,2006-05-10,2006-05-11,2008-05-11,TX,LAVACA (TX),MAGNUM PROD,PLOEGER 'C',4,UPPER,3000,3000,NewDrill,OIL & GAS,V,P & A,Expired,"BORCHERS,BORCHERS, EAST,WILDCAT","MAGNUM PRODUCING, LP",,,,500 N SHORELINE BLVD STE 322,CORPUS CHRSTI,TX,78401,,,,,,,"MC LAURINE, J F",ft,319,16168070,false,29.1396681,-96.8581367,GULF COAST,29.1396681,-96.8581367,,ft,619044,GULF COAST WEST,EAGLEFORD,EAGLE FORD DRY,"MAGNUM PRODUCING, LP",
4208932482,3,2006-05-04,2006-05-04,2008-05-04,TX,COLORADO (TX),MAGNUM PROD,"ANDERSON, MARK N., ET UX",1,"CKFLD.,YEGUA,YEGUA 7",7000,7000,NewDrill,OIL & GAS,V,P & A,Expired,"CHESTERVILLE, N.,CHESTERVILLE, NORTH,WILDCAT","MAGNUM PRODUCING, LP",,,,500 N SHORELINE BLVD STE 322,CORPUS CHRSTI,TX,78401,,21,,,,,GH&H RR CO,ft,248,17224595,false,29.6272137,-96.2443465,GULF COAST,29.6272137,-96.2443465,221747,ft,618722,GULF COAST CENTRAL,EAGLEBINE,,"MAGNUM PRODUCING, LP",
4213138878,4,2006-04-27,2006-04-27,2008-04-27,TX,DUVAL (TX),MAGNUM PROD,MILLER ET AL,124,FRIO-VKSBG CONS.,7000,7000,NewDrill,OIL & GAS,V,INACTIVE,Expired,"ORCONES,WILDCAT","MAGNUM PRODUCING, LP",,WELDON WATERS,512-478-3456,500 N SHORELINE BLVD STE 322,CORPUS CHRSTI,TX,78401,,,,,,,"FLORES, S",ft,213,18546102,false,27.5140293,-98.4116843,GULF COAST,27.5140293,-98.4116843,218182,ft,618316,GULF COAST WEST,,,"MAGNUM PRODUCING, LP",
4207132329,3,2006-03-15,2006-03-15,2008-03-15,TX,CHAMBERS (TX),MAGNUM PROD,"WHITE, C. ET AL",1,"FRIO,FRIO 1,FRIO 3",10000,,NewDrill,OIL & GAS,D,P & A,Expired,"MAYES,MAYES, EAST,MAYES, NE.,WILDCAT","MAGNUM PRODUCING, LP",,,,500 N SHORELINE BLVD STE 322,CORPUS CHRSTI,TX,78401,,,,,,,"TRIMBLE, M",,243,18236752,false,29.5949873,-94.6990835,GULF COAST,29.5997575,-94.7021298,,ft,615898,GULF COAST CENTRAL,,,"MAGNUM PRODUCING, LP",
4246933969,2,2006-02-27,2006-02-27,2008-02-27,TX,VICTORIA (TX),MAGNUM PROD,KUTCHKA,1,"FRIO,MIOCENE",5000,5000,NewDrill,OIL & GAS,V,P & A,Expired,"GARCITAS CREEK, N.,GARCITAS CREEK,N.,WILDCAT","MAGNUM PRODUCING, LP",,,,500 N SHORELINE BLVD STE 322,CORPUS CHRSTI,TX,78401,,,,,,,"ALLEN, W H",ft,389,17128075,false,28.9405506,-96.8681689,GULF COAST,28.9405506,-96.8681689,220555,ft,614902,GULF COAST WEST,,,"MAGNUM PRODUCING, LP",
4213138858,4,2006-02-01,2006-02-02,2008-02-02,TX,DUVAL (TX),MAGNUM PROD,"PARR, HILDA",112,FRIO-VKSBG CONS.,5000,5000,NewDrill,OIL & GAS,V,P & A,Expired,"ORCONES,WILDCAT","MAGNUM PRODUCING, LP",,WELDON WATERS,512-478-3456,500 N SHORELINE BLVD STE 322,CORPUS CHRSTI,TX,78401,,,,,,,"GARCIA, HRS A",ft,657,16068892,false,27.5043847,-98.3976686,GULF COAST,27.5043847,-98.3976686,,ft,613454,GULF COAST WEST,,,"MAGNUM PRODUCING, LP",
4213138852,4,2006-01-05,2006-01-05,2008-01-05,TX,DUVAL (TX),MAGNUM PROD,"PARR, HILDA",136,FRIO-VKSBG CONS.,6000,6000,NewDrill,OIL & GAS,V,P & A,Expired,"ORCONES,WILDCAT","MAGNUM PRODUCING, LP",,,,500 N SHORELINE BLVD STE 322,CORPUS CHRSTI,TX,78401,,,,,,,"""SAN ANDRES"" ANDRES GARCIA HRS",ft,657,17360751,false,27.4918671,-98.3551828,GULF COAST,27.4918671,-98.3551828,216875,ft,611919,GULF COAST WEST,,,"MAGNUM PRODUCING, LP",
4233931073,3,2006-01-05,2006-01-05,2008-01-05,TX,MONTGOMERY (TX),MAGNUM PROD,BREWER GAS UNIT,1,WILCOX,12000,12000,NewDrill,OIL & GAS,V,P & A,Expired,"PATRICK P. RAY,WILDCAT","MAGNUM PRODUCING, LP",,,,500 N SHORELINE BLVD STE 322,CORPUS CHRSTI,TX,78401,,,,,,,T&NO RR CO,ft,575,17096823,false,30.2113424,-95.3113723,GULF COAST,30.2113424,-95.3113723,221752,ft,611921,GULF COAST CENTRAL,,,"MAGNUM PRODUCING, LP",
4223933353,2,2005-12-28,2005-12-28,2007-12-28,TX,JACKSON (TX),MAGNUM PROD,WILLIAMS,1,MIDDLE WILCOX,11000,11000,NewDrill,OIL & GAS,V,P & A,Expired,"MORALES, N.,WILDCAT","MAGNUM PRODUCING, LP",,,,500 N SHORELINE BLVD STE 322,CORPUS CHRSTI,TX,78401,,,,,,,"ALLEY, J",ft,3,17429715,false,29.1769309,-96.7686063,GULF COAST,29.1769309,-96.7686063,224928,ft,611668,GULF COAST WEST,,,"MAGNUM PRODUCING, LP",
4213138850,4,2005-12-21,2005-12-22,2007-12-22,TX,DUVAL (TX),MAGNUM PROD,MARCHBANKS CADENA GAS UNIT NO. 2,132,FRIO-VKSBG CONS.,7000,7000,NewDrill,OIL & GAS,V,P & A,Expired,"ORCONES,WILDCAT","MAGNUM PRODUCING, LP",,WELDON WATERS,512-478-3456,500 N SHORELINE BLVD STE 322,CORPUS CHRSTI,TX,78401,,,,,,,"GARCIA, HRS A",ft,657,16046776,false,27.5330087,-98.4005980,GULF COAST,27.5330087,-98.4005980,,ft,611444,GULF COAST WEST,,,"MAGNUM PRODUCING, LP",
4228533216,2,2005-11-23,2005-11-28,2007-11-28,TX,LAVACA (TX),MAGNUM PROD,"BORCHERS ""B""",3,FRIO,3200,3200,NewDrill,OIL & GAS,V,INACTIVE,Expired,"MORALES, NORTH,WILDCAT","MAGNUM PRODUCING, LP",,WELDON WATERS,512-478-3456,500 N SHORELINE BLVD STE 322,CORPUS CHRSTI,TX,78401,,,,,,,"HARDY, W",ft,19,17266264,false,29.1897497,-96.7771398,GULF COAST,29.1897497,-96.7771398,227768,ft,610046,GULF COAST WEST,EAGLEFORD,EAGLE FORD DRY,"MAGNUM PRODUCING, LP",
4213138844,4,2005-11-01,2005-11-02,2007-11-02,TX,DUVAL (TX),MAGNUM PROD,MARCHBANKS-CADENA GAS UNIT #1,109,"FRIO,HIAWATHA",7000,7000,NewDrill,OIL & GAS,V,P & A,Expired,"ATLEE,ATLEE, NE.,WILDCAT","MAGNUM PRODUCING, LP",,,,500 N SHORELINE BLVD STE 322,CORPUS CHRSTI,TX,78401,,,,,,,"GARCIA, HRS A",ft,657,17786624,false,27.5284620,-98.3992043,GULF COAST,27.5284620,-98.3992043,216852,ft,608797,GULF COAST WEST,,,"MAGNUM PRODUCING, LP",
4223933342,2,2005-10-21,2005-10-21,2007-10-21,TX,JACKSON (TX),MAGNUM PROD,SGH ROYALTY,1,FRIO,6200,6200,NewDrill,OIL & GAS,V,P & A,Expired,"HIGH STAR,S.C.A.R.,WILDCAT","MAGNUM PRODUCING, LP",,,,500 N SHORELINE BLVD STE 322,CORPUS CHRSTI,TX,78401,,,,,,,"REED, T J",ft,63,16617495,false,29.0727768,-96.5661706,GULF COAST,29.0727768,-96.5661706,219656,ft,608310,GULF COAST WEST,,,"MAGNUM PRODUCING, LP",
4229734649,2,2005-10-14,2005-10-14,2007-10-14,TX,LIVE OAK (TX),MAGNUM PROD,MEIDER,101,"LULING F-B A,LULING SD.,MASSIVE, FIRST,MASSIVE, SECOND,SLICK",9000,9000,NewDrill,OIL & GAS,V,INACTIVE,Expired,"COQUAT,KARON, SOUTH,WILDCAT","MAGNUM PRODUCING, LP",2006-06-29,WELDON WATERS,512-478-3456,500 N SHORELINE BLVD STE 322,CORPUS CHRSTI,TX,78401,,,,,,,"WALLER, H",,478,17088493,,28.4545707,-98.0329820,GULF COAST,28.4545707,-98.0329820,221008,ft,607913,GULF COAST WEST,EAGLEFORD,EAGLE FORD DRY,"MAGNUM PRODUCING, LP",
4213138837,4,2005-09-14,2005-09-14,2007-09-14,TX,DUVAL (TX),MAGNUM PROD,MARCHBANKS-CADENA GAS UNIT #1,116,"FRIO,HIAWATHA",7000,7000,NewDrill,OIL & GAS,V,ACTIVE,Expired,"ATLEE,ATLEE, NE.,WILDCAT","MAGNUM PRODUCING, LP",2005-11-01,,,500 N SHORELINE BLVD STE 322,CORPUS CHRSTI,TX,78401,,,,,,,"""SAN ANDRES"" GARCIA, HRS A",,657,17441086,,27.5261686,-98.3943410,GULF COAST,27.5261686,-98.3943410,14148,ft,606317,GULF COAST WEST,,,"MAGNUM PRODUCING, LP",
4213138827,4,2005-08-15,2005-08-15,2007-08-15,TX,DUVAL (TX),MAGNUM PROD,PARR-LAWRENCE GU,1,DELORES,8000,8000,NewDrill,GAS,V,P & A,Expired,ORCONES,"MAGNUM PRODUCING, LP",2005-12-15,MICHAEL HOFFMAN,512-478-3456,500 N SHORELINE BLVD STE 322,CORPUS CHRSTI,TX,78401,,,,,,,"""SAN ANDRES"" ANDRES GARCIA HRS",,657,18479480,,27.4859645,-98.3534075,GULF COAST,27.4859645,-98.3534075,215514,ft,604968,GULF COAST WEST,,,"MAGNUM PRODUCING, LP",
4229132610,3,2005-07-20,2005-07-21,2007-07-21,TX,LIBERTY (TX),MAGNUM PROD,"QUINN, B.E.",1,"COOK MTN.,QUINN,WILCOX -QUINN SD.,WILCOX 2,YEGUA",10300,10300,NewDrill,OIL & GAS,V,INACTIVE,Expired,"MCCOY,MCCOY, EAST,MCCOY, NORTH,WILDCAT","MAGNUM PRODUCING, LP",,,,500 N SHORELINE BLVD STE 322,CORPUS CHRSTI,TX,78401,,,,,,,DANIEL DONAHOE,ft,24,17274355,false,30.3509686,-95.0037290,GULF COAST,30.3509686,-95.0037290,214543,ft,603715,GULF COAST CENTRAL,,,"MAGNUM PRODUCING, LP",
4213138821,4,2005-07-20,2005-07-20,2007-07-20,TX,DUVAL (TX),MAGNUM PROD,MARCHBANKS-CADENA 'B',115,"FRIO,HIAWATHA",6800,6800,NewDrill,OIL & GAS,V,INACTIVE,Expired,"ATLEE,ATLEE, NE.,WILDCAT","MAGNUM PRODUCING, LP",,,,500 N SHORELINE BLVD STE 322,CORPUS CHRSTI,TX,78401,,,,,,,'SAN ANDRES' ANDRES GARCIA HRS.,ft,657,17497933,false,27.5353637,-98.3885603,GULF COAST,27.5353637,-98.3885603,215828,ft,603698,GULF COAST WEST,,,"MAGNUM PRODUCING, LP",
4240932799,4,2005-07-20,2005-07-20,2007-07-20,TX,SAN PATRICIO (TX),MAGNUM PROD,VANECEK G.U.,3,"FALLING STAR,SCHNEIDER",6000,6000,NewDrill,OIL & GAS,V,P & A,Expired,"MATHIS, EAST,WILDCAT","MAGNUM PRODUCING, LP",,,,500 N SHORELINE BLVD STE 322,CORPUS CHRSTI,TX,78401,,,,,,,I&GN RR CO,ft,316,17681496,false,28.1137206,-97.6797891,GULF COAST,28.1137206,-97.6797891,216299,ft,603697,GULF COAST WEST,,,"MAGNUM PRODUCING, LP",
4228533171,2,2005-06-24,2005-06-24,2007-06-24,TX,LAVACA (TX),MAGNUM PROD,CHICOLETE CREEK,1,FRIO,4200,4200,NewDrill,OIL & GAS,V,INACTIVE,Expired,"KEMPER,KEMPER, E.,KEMPER, EAST,WILDCAT","MAGNUM PRODUCING, LP",,,,500 N SHORELINE BLVD STE 322,CORPUS CHRSTI,TX,78401,,,,,,,LAURA E. SWINGLE,ft,564,18433473,false,29.1197614,-96.9236614,GULF COAST,29.1197614,-96.9236614,250887,ft,602547,GULF COAST WEST,EAGLEFORD,EAGLE FORD DRY,"MAGNUM PRODUCING, LP",
4201530898,3,2005-06-24,2005-06-27,2007-06-27,TX,AUSTIN (TX),MAGNUM PROD,HINTZ ESTATE 'A',5,"WILCOX,WILCOX J-2,WILCOX K,WILCOX L,WILCOX M-2",11000,11000,NewDrill,OIL & GAS,V,INACTIVE,Expired,"SEALY,WILDCAT","MAGNUM PRODUCING, LP",,,,500 N SHORELINE BLVD STE 322,CORPUS CHRSTI,TX,78401,,180,,,,2,"H&TC RR CO/ALLEN, G T",ft,364,17292217,false,29.7637698,-96.1975903,GULF COAST,29.7637210,-96.1979037,216963,ft,602546,GULF COAST CENTRAL,EAGLEBINE,,"MAGNUM PRODUCING, LP",
4223933318,2,2005-06-08,2005-06-08,2007-06-08,TX,JACKSON (TX),MAGNUM PROD,LIGHT BROTHERS,1,,4000,4000,NewDrill,OIL & GAS,V,P & A,Expired,"MORALES,WILDCAT","MAGNUM PRODUCING, LP",,,,500 N SHORELINE BLVD STE 322,CORPUS CHRSTI,TX,78401,,,,,,,I. & G. N. RR. CO,ft,282,16793206,false,29.1213559,-96.7994618,GULF COAST,29.1213559,-96.7994618,217812,ft,601782,GULF COAST WEST,,,"MAGNUM PRODUCING, LP",
4213138810,4,2005-06-02,2005-06-02,2007-06-02,TX,DUVAL (TX),MAGNUM PROD,MARCHBANKS-CADENA GAS UNIT #1,111,"FRIO,HIAWATHA",6200,6200,NewDrill,OIL & GAS,V,P & A,Expired,"ATLEE,ATLEE, NE.,WILDCAT","MAGNUM PRODUCING, LP",,,,500 N SHORELINE BLVD STE 322,CORPUS CHRSTI,TX,78401,,,,,,,"GARCIA, HRS A",ft,657,18715845,false,27.5270701,-98.3862664,GULF COAST,27.5270701,-98.3862664,212935,ft,601535,GULF COAST WEST,,,"MAGNUM PRODUCING, LP",
4213138811,4,2005-06-02,2005-06-03,2007-06-03,TX,DUVAL (TX),MAGNUM PROD,MARCHBANKS-CADENA GAS UNIT #1,122,"FRIO,HIAWATHA",6200,6200,NewDrill,OIL & GAS,V,INACTIVE,Expired,"ATLEE,ATLEE, NE.,WILDCAT","MAGNUM PRODUCING, LP",,,,500 N SHORELINE BLVD STE 322,CORPUS CHRSTI,TX,78401,,,,,,,"GARCIA, HRS A",ft,657,16644122,false,27.5211673,-98.3993192,GULF COAST,27.5211673,-98.3993192,13326,ft,601534,GULF COAST WEST,,,"MAGNUM PRODUCING, LP",
4228533146,2,2005-04-12,2005-04-12,2007-04-12,TX,LAVACA (TX),MAGNUM PROD,PLOEGER,1,UPPER,3000,3000,NewDrill,OIL & GAS,V,ACTIVE,Expired,"BORCHERS,BORCHERS, EAST,WILDCAT","MAGNUM PRODUCING, LP",,RAJAN AHUJA,361-882-3858,500 N SHORELINE BLVD STE 322,CORPUS CHRSTI,TX,78401,,,,,,,JOHN LEEDS,ft,299,18667952,false,29.1423204,-96.8381823,GULF COAST,29.1423204,-96.8381823,218325,ft,560348,GULF COAST WEST,EAGLEFORD,EAGLE FORD DRY,"MAGNUM PRODUCING, LP",
4228533147,2,2005-04-12,2005-04-12,2007-04-12,TX,LAVACA (TX),MAGNUM PROD,PLOEGER 'A',2,UPPER,3000,3000,NewDrill,OIL & GAS,V,P & A,Expired,"BORCHERS,BORCHERS, EAST,WILDCAT","MAGNUM PRODUCING, LP",,RAJAN AHUJA,361-882-3858,500 N SHORELINE BLVD STE 322,CORPUS CHRSTI,TX,78401,,,,,,,JOHN LEEDS,ft,299,16728298,false,29.1502322,-96.8290836,GULF COAST,29.1502322,-96.8290836,218344,ft,560350,GULF COAST WEST,EAGLEFORD,EAGLE FORD DRY,"MAGNUM PRODUCING, LP",
4213138793,4,2005-03-31,2005-03-31,2007-03-31,TX,DUVAL (TX),MAGNUM PROD,MARCHBANKS-CADENA,105,"FRIO,HIAWATHA",6200,6200,NewDrill,OIL & GAS,V,P & A,Expired,"ATLEE,ATLEE, NE.,WILDCAT","MAGNUM PRODUCING, LP",,RAJAN AHUJA,361-882-3858,500 N SHORELINE BLVD STE 322,CORPUS CHRSTI,TX,78401,,,,,,,"""SAN ANDRES"" ANDRES GARCIA HRS",ft,657,16687928,false,27.5265851,-98.3909185,GULF COAST,27.5265851,-98.3909185,13326,ft,559796,GULF COAST WEST,,,"MAGNUM PRODUCING, LP",
4213138790,4,2005-03-10,2005-03-10,2007-03-10,TX,DUVAL (TX),MAGNUM PROD,"PARR, HILDA",106,"BAZAN,YEGUA",7500,7500,NewDrill,OIL & GAS,V,P & A,Expired,"LYLE WILSON,ORCONES,WILDCAT","MAGNUM PRODUCING, LP",,RAJAN AHUJA,361-882-3858,500 N SHORELINE BLVD STE 322,CORPUS CHRSTI,TX,78401,,,,,,,"""SAN ANDRES"" ANDRES GARCIA HRS",ft,657,17338997,false,27.4850744,-98.3712216,GULF COAST,27.4850744,-98.3712216,210933,ft,558854,GULF COAST WEST,,,"MAGNUM PRODUCING, LP",
4213138784,4,2005-02-17,2005-02-17,2007-02-17,TX,DUVAL (TX),MAGNUM PROD,"PARR, HILDA",121,"BAZAN,DELORES,FRIO,HIAWATHA,HOCKLEY-PARR,HOCKLEY-WOODLEY",8000,8000,NewDrill,OIL & GAS,V,P & A,Expired,"ORCONES,WILDCAT","MAGNUM PRODUCING, LP",2005-03-31,RAJAN AHUJA,361-882-3858,500 N SHORELINE BLVD STE 322,CORPUS CHRSTI,TX,78401,,,,,,,"""SAN ANDRES"" ANDRES GARCIA HRS.",,657,16762682,,27.5045801,-98.3511929,GULF COAST,27.5045801,-98.3511929,210836,ft,557899,GULF COAST WEST,,,"MAGNUM PRODUCING, LP",
4224532394,3,2005-02-14,2005-02-14,2007-02-14,TX,JEFFERSON (TX),MAGNUM PROD,FRIEDSHIP,5,"FRIO,FRIO UPPER 2,HETEROSTEGINA,MARGINULINA,MIOCENE SIPHONINA",11000,11000,NewDrill,OIL & GAS,V,SHUT-IN,Expired,"BIG HILL,BIG HILL*,BIG HILL, W.,WILDCAT","MAGNUM PRODUCING, LP",,RAJAN AHUJA,361-882-3858,500 N SHORELINE BLVD STE 322,CORPUS CHRSTI,TX,78401,,164,,,,,T & NO RR CO / R. H. ARMIGER,ft,623,17511414,false,29.7785259,-94.2835010,GULF COAST,29.7785259,-94.2835010,223401,ft,557635,GULF COAST CENTRAL,,,"MAGNUM PRODUCING, LP",
4213138783,4,2005-02-11,2005-02-11,2007-02-11,TX,DUVAL (TX),MAGNUM PROD,"PARR, HILDA",102,"FRIO,HOCKLEY-PARR,HOCKLEY-WOODLEY",5950,5950,NewDrill,OIL & GAS,V,P & A,Expired,"ORCONES,WILDCAT","MAGNUM PRODUCING, LP",,RAJAN AHUJA,361-882-3858,500 N SHORELINE BLVD STE 322,CORPUS CHRSTI,TX,78401,,,,,,,"""SAN ANDRES""/ANDRES GARCIA HRS.",ft,657,18422768,false,27.5055914,-98.3533819,GULF COAST,27.5055914,-98.3533819,209800,ft,557587,GULF COAST WEST,,,"MAGNUM PRODUCING, LP",
4213138782,4,2005-02-07,2005-02-07,2007-02-07,TX,DUVAL (TX),MAGNUM PROD,"PARR, HILDA",103,ATLEE,2900,2900,NewDrill,OIL & GAS,V,P & A,Expired,"GOOD FRIDAY,WILDCAT","MAGNUM PRODUCING, LP",,RAJAN AHUJA,361-882-3858,500 N SHORELINE BLVD STE 322,CORPUS CHRSTI,TX,78401,,,,,,,"""SAN ANDRES"" / ANDRES GARCIA HRS.",ft,657,16046726,false,27.4923487,-98.3854644,GULF COAST,27.4923487,-98.3854644,,ft,557354,GULF COAST WEST,,,"MAGNUM PRODUCING, LP",
4201530889,3,2005-02-03,2005-02-03,2007-02-03,TX,AUSTIN (TX),MAGNUM PROD,HILLBOLDT,6,"FRIO,WILCOX,WILCOX J-2,WILCOX L,WILCOX M-2",11000,11000,NewDrill,OIL & GAS,V,INACTIVE,Expired,"SEALY,WILDCAT","MAGNUM PRODUCING, LP",2005-04-22,RAJAN AHUJA,361-882-3858,500 N SHORELINE BLVD STE 322,CORPUS CHRSTI,TX,78401,,179,,,,2,H & T C RR CO,,214,17266978,,29.7578269,-96.1992722,GULF COAST,29.7580455,-96.1995914,210200,ft,557189,GULF COAST CENTRAL,EAGLEBINE,,"MAGNUM PRODUCING, LP",
4213138772,4,2005-01-24,2005-01-24,2007-01-24,TX,DUVAL (TX),MAGNUM PROD,"PARR, HILDA",114,"ATLEE,HILDA SAND",3700,3700,NewDrill,OIL & GAS,V,P & A,Expired,"GOOD FRIDAY,WILDCAT","MAGNUM PRODUCING, LP",,RAJAN AHUJA,361-882-3858,500 N SHORELINE BLVD STE 322,CORPUS CHRSTI,TX,78401,,,,,,,"""SAN ANDRES"", ANDRES GARCIA HRS.",ft,657,18253980,false,27.5161667,-98.3709329,GULF COAST,27.5161667,-98.3709329,,ft,556643,GULF COAST WEST,,,"MAGNUM PRODUCING, LP",
4228533124,2,2005-01-06,2005-01-06,2007-01-06,TX,LAVACA (TX),MAGNUM PROD,BORCHERS,1,FRIO,4500,4500,NewDrill,OIL & GAS,V,P & A,Expired,"MORALES,MORALES, NORTH,WILDCAT","MAGNUM PRODUCING, LP",,RAJAN AHUJA,361-882-3858,500 N SHORELINE BLVD STE 322,CORPUS CHRSTI,TX,78401,,,,,,,WILLIAM HARDY,ft,19,16975569,false,29.1920660,-96.7612143,GULF COAST,29.1920660,-96.7612143,217734,ft,555812,GULF COAST WEST,EAGLEFORD,EAGLE FORD DRY,"MAGNUM PRODUCING, LP",
4228533123,2,2005-01-06,,2007-01-06,TX,LAVACA (TX),MAGNUM PROD,"BORCHERS ""A""",2,,4500,4500,NewDrill,GAS,V,P & A,Expired,"MORALES, NORTH","MAGNUM PRODUCING, LP",2005-09-15,RAJAN AHUJA,361-882-3858,500 N SHORELINE BLVD STE 322,CORPUS CHRSTI,TX,78401,,,,,,,WILLIAM HARDY,,19,17727092,,29.1947270,-96.7739680,GULF COAST,29.1947270,-96.7739680,217738,ft,555793,GULF COAST WEST,EAGLEFORD,EAGLE FORD DRY,"MAGNUM PRODUCING, LP",
4235533683,4,2004-11-08,2004-11-10,2006-11-10,TX,NUECES (TX),MAGNUM PROD,SCARBOROUGH,1,VICKSBURG CONSL.,12200,12200,NewDrill,OIL & GAS,V,INACTIVE,Expired,AGUA DULCE,"MAGNUM PRODUCING, LP",2006-03-06,GENE DAY,210-342-2225,500 N SHORELINE BLVD STE 322,CORPUS CHRSTI,TX,78401,,,,,,,"CHEIVERS, J",,62,16771247,,27.7937508,-97.7776624,GULF COAST,27.7937508,-97.7776624,13355,ft,553356,GULF COAST WEST,,,"MAGNUM PRODUCING, LP",
4213138752,4,2004-10-29,2004-10-29,2006-10-29,TX,DUVAL (TX),MAGNUM PROD,"PARR, HILDA",101,"BAZAN,HIAWATHA,HOCKLEY-PARR",13000,13000,NewDrill,OIL & GAS,V,P & A,Expired,"ORCONES,WILDCAT","MAGNUM PRODUCING, LP",2005-02-18,RAJAN AHUJA,361-882-3858,500 N SHORELINE BLVD STE 322,CORPUS CHRSTI,TX,78401,,,,,,64,ANDRES GARCIA HRS,,657,18584416,,27.4759837,-98.3577476,GULF COAST,27.4766003,-98.3578022,208062,ft,552991,GULF COAST WEST,,,"MAGNUM PRODUCING, LP",
4213138751,4,2004-10-19,2004-10-19,2006-10-19,TX,DUVAL (TX),MAGNUM PROD,"PARR, HILDA",104,"HIAWATHA,HOCKLEY-PARR,YEGUA",7500,7500,NewDrill,OIL & GAS,V,P & A,Expired,"LYLE WILSON,ORCONES,WILDCAT","MAGNUM PRODUCING, LP",2005-01-11,RAJAN AHUJA,361-882-3858,500 N SHORELINE BLVD STE 322,CORPUS CHRSTI,TX,78401,,,,,,,"""SAN ANDRES,"" HRS. ANDRES GARCIA",,657,17487332,,27.4898838,-98.3636587,GULF COAST,27.4898838,-98.3636587,208061,ft,552503,GULF COAST WEST,,,"MAGNUM PRODUCING, LP",
4213138744,4,2004-09-30,2004-09-30,2006-09-30,TX,DUVAL (TX),MAGNUM PROD,MARCHBANKS-CADENA,107,HIAWATHA,6900,6900,NewDrill,OIL & GAS,V,P & A,Expired,"ATLEE,ATLEE, NE.,WILDCAT","MAGNUM PRODUCING, LP",2004-11-10,RAJAN AHUJA,361-882-3858,500 N SHORELINE BLVD STE 322,CORPUS CHRSTI,TX,78401,,,,,,,"""SAN ANDRES"" ANDRES GARCIA HRS #19",,657,17196396,,27.5241204,-98.3987020,GULF COAST,27.5241204,-98.3987020,205938,ft,551757,GULF COAST WEST,,,"MAGNUM PRODUCING, LP",
4213138741,4,2004-09-15,2004-09-15,2006-09-15,TX,DUVAL (TX),MAGNUM PROD,"PARR, HILDA",113,HIAWATHA,6900,6900,NewDrill,OIL & GAS,V,P & A,Expired,"ATLEE,WILDCAT","MAGNUM PRODUCING, LP",,RAJAN AHUJA,361-882-3858,500 N SHORELINE BLVD STE 322,CORPUS CHRSTI,TX,78401,,,,,,LOT 23,"""SAN ANDRES"" ANDRES GARCIA HRS.",ft,657,16046724,false,27.5157131,-98.3874891,GULF COAST,27.5157131,-98.3874891,,ft,551038,GULF COAST WEST,,,"MAGNUM PRODUCING, LP",
4201530873,3,2004-08-06,2004-08-06,2007-05-02,TX,AUSTIN (TX),MAGNUM PROD,RANCH HOMES - ROBINSON,1,FRIO,10858,10858,NewDrill,OIL & GAS,V,P & A,Expired,"SEALY,WILDCAT","MAGNUM PRODUCING, LP",2006-02-23,RAJAN AHUJA,361-882-3858,500 N SHORELINE BLVD STE 322,CORPUS CHRSTI,TX,78401,,163,,,,2,H&TC RR CO,,206,17443778,,29.7733529,-96.2126542,GULF COAST,29.7733529,-96.2126542,214501,ft,549263,GULF COAST CENTRAL,EAGLEBINE,,"MAGNUM PRODUCING, LP",
4201530863,3,2004-05-03,2004-05-03,2006-05-03,TX,AUSTIN (TX),MAGNUM PROD,ROBINSON,1,"WILCOX,WILCOX J-2,WILCOX K,WILCOX L,WILCOX M-2",10800,10800,NewDrill,OIL & GAS,V,P & A,Expired,"SEALY,WILDCAT","MAGNUM PRODUCING, LP",,"RAJAN AHUJA, V.P. PRODUCTION",361-882-3858,500 N SHORELINE BLVD STE 322,CORPUS CHRSTI,TX,78401,,163,,,,2,H. & T. C. R.R. CO.,ft,206,18679293,false,29.7729187,-96.2096248,GULF COAST,29.7729187,-96.2096248,203442,ft,545207,GULF COAST CENTRAL,EAGLEBINE,,"MAGNUM PRODUCING, LP",
4224532358,3,2004-04-02,2004-05-21,2006-05-21,TX,JEFFERSON (TX),MAGNUM PROD,FRIENDSHIP,2,"FRIO,FRIO A,HETEROSTEGINA,MARGINULINA,MIOCENE,MIOCENE SD.,MIOCENE SIPHONINA",11000,11000,NewDrill,OIL & GAS,V,INACTIVE,Expired,"BIG HILL,BIG HILL*,WILDCAT","MAGNUM PRODUCING, LP",,"RAJAN AHUJA, V.P. PRODUCTION",361-882-3858,500 N SHORELINE BLVD STE 322,CORPUS CHRSTI,TX,78401,,175,,,,,T & N O RR CO,ft,342,17240274,false,29.7710740,-94.2840194,GULF COAST,29.7710740,-94.2840194,233357,ft,544008,GULF COAST CENTRAL,,,"MAGNUM PRODUCING, LP",
4223933249,2,2004-02-20,2004-02-20,2006-02-20,TX,JACKSON (TX),MAGNUM PROD,PREMIER-APPLING,1,"BROUGHTON -A-,SEG 5 WEED UPPER,SEG A KOPNICKY MIDDLE,SEG B,SEG B BROUGHTON,SEG B, WHITE,SEG. 12 WHITE,SEG.12 FRANKSON",9400,,NewDrill,OIL & GAS,D,P & A,Expired,"APPLING,WILDCAT","MAGNUM PRODUCING, LP",,RAJAN AHUJA-VP PROD,361-882-3858,500 N SHORELINE BLVD STE 322,CORPUS CHRSTI,TX,78401,,,,,,,WILLIAM AHLERT,,90,18814140,false,28.6816765,-96.3854440,GULF COAST,28.6802619,-96.3865855,08915,ft,542332,GULF COAST WEST,,,"MAGNUM PRODUCING, LP",
4229132522,3,2004-02-20,2004-04-07,2006-04-07,TX,LIBERTY (TX),MAGNUM PROD,AMOCO/MCGREGOR UNIT,1,COOK MTN.,12500,12500,NewDrill,OIL & GAS,V,EXPIRED PERMIT,Expired,"HULL SOUTH,WILDCAT","MAGNUM PRODUCING, LP",,PHILIP N. BELL-LANDMAN,361-884-7241,500 N SHORELINE BLVD STE 322,CORPUS CHRSTI,TX,78401,,176,,,,,H & TC RR CO #176 / JOHN BARROW,ft,449,18296272,false,30.0745849,-94.6512813,GULF COAST,30.0745849,-94.6512813,,ft,542318,GULF COAST CENTRAL,,,"MAGNUM PRODUCING, LP",
4202533236,2,2003-07-23,2003-07-29,2005-07-29,TX,BEE (TX),MAGNUM ENGINEERING,"NELSON, CARL",1,HOCKLEY,4500,4500,NewDrill,OIL & GAS,V,DRILLED,Expired,"MALCOMB,WILDCAT",MAGNUM ENGINEERING COMPANY,,RAJAN AHUJA V.P. PRODUCTION,361-882-3858,500 N SHORLINE STE 322,CORPUS CHRSTI,TX,78401-0313,,,,,,,ELIZABETH PEREZ,ft,271,15981551,false,28.4498797,-97.8480279,GULF COAST,28.4498797,-97.8480279,,ft,534470,GULF COAST WEST,EAGLEFORD,EAGLE FORD DRY,MAGNUM ENGINEERING COMPANY,
4229132481,3,2003-06-13,2003-07-30,2005-07-30,TX,LIBERTY (TX),MAGNUM PROD,LAIDACKER UNIT,1,"COOK MTN,COOK MTN.",12500,12500,NewDrill,OIL & GAS,V,P & A,Expired,"HULL SOUTH,HULL, SOUTH,WILDCAT",MAGNUM PRODUCING & OPERATING CO.,2003-09-15,PHILIP N. BELL-LANDMAN,361-884-7241,500 N SHORELINE STE 322,CORPUS CHRSTI,TX,78471,,,,,,,P. L. ROBINSON,,340,17001816,,30.0756472,-94.6439019,GULF COAST,30.0756472,-94.6439019,197368,ft,533107,GULF COAST CENTRAL,,,MAGNUM PRODUCING & OPERATING CO.,
4208932338,3,2003-03-14,2003-03-14,2005-03-14,TX,COLORADO (TX),MAGNUM PROD,EAST HAMEL GU 4,3,WILCOX,10500,10500,NewDrill,GAS,V,INACTIVE,Expired,"HAMEL,HAMEL, EAST,HAMEL, NORTH,HAMEL, SOUTH",MAGNUM PRODUCING & OPERATING CO.,2003-06-20,"RAJAN AHUJA, V.P., PRODUCTION",361-882-3858,500 N SHORELINE STE 322,CORPUS CHRSTI,TX,78471,,,,,,,RICHARD DOWDY,ft,163,16960395,,29.6579971,-96.6606593,GULF COAST,29.6579971,-96.6606593,278004,ft,529636,GULF COAST CENTRAL,EAGLEBINE,,MAGNUM PRODUCING & OPERATING CO.,
4235130724,3,2002-07-09,2002-07-09,2004-07-09,TX,NEWTON (TX),MAGNUM PROD,OGLESBY,1,"FRIO,Y-12,Y-5,Y-6",7700,7700,NewDrill,OIL & GAS,V,P & A,Expired,"ADA CALL,ADA CALL, E.,WILDCAT",MAGNUM PRODUCING & OPERATING CO.,,RAJAN AHUJA-VP PROD,361-882-3858,500 N SHORELINE STE 322,CORPUS CHRSTI,TX,78471,,14,,,,,H & TC RR CO #14/H. A. ARLEDGE,ft,910,18310922,false,30.5830620,-93.8500253,GULF COAST,30.5830620,-93.8500253,,ft,521690,GULF COAST CENTRAL,,,MAGNUM PRODUCING & OPERATING CO.,
4223933176,2,2002-05-29,2002-05-29,2004-05-29,TX,JACKSON (TX),MAGNUM PROD,MILLER-SHULL,1,WILDCAT,3500,3500,NewDrill,OIL & GAS,V,P & A,Expired,WILDCAT,MAGNUM PRODUCING & OPERATING CO.,,RAJAN AHUJA-VP PROD,361-882-3858,500 N SHORELINE STE 322,CORPUS CHRSTI,TX,78471,,,,,,,B. J. WHITE,ft,81,18286395,false,28.9363544,-96.4523363,GULF COAST,28.9363544,-96.4523363,,ft,520471,GULF COAST WEST,,,MAGNUM PRODUCING & OPERATING CO.,
4240932697,4,2002-03-27,2002-03-27,2004-03-27,TX,SAN PATRICIO (TX),MAGNUM PROD,J. H. HARVEY UNIT,2,"11-B,11-C,13-A,14-B-1,14-B-4,15-B,L-5,M-11,M-3,M-4, FB-B,STARK",9500,9500,NewDrill,OIL & GAS,V,P & A,Expired,"HARVEY,HARVEY, EAST,WILDCAT",MAGNUM PRODUCING & OPERATING CO.,,"RAJAN AHUJA, VP PROD",361-882-3858,500 N SHORELINE STE 322,CORPUS CHRSTI,TX,78471,,,,,,,GEO. SARGENT,ft,231,18545166,false,27.9847962,-97.2640609,GULF COAST,27.9847962,-97.2640609,13114,ft,518619,GULF COAST WEST,,,MAGNUM PRODUCING & OPERATING CO.,
4228532919,2,2001-08-14,2001-08-14,2003-08-14,TX,LAVACA (TX),MAGNUM PROD,WEST,1,8450 SAND,8600,8600,NewDrill,OIL & GAS,V,P & A,Expired,"VIENNA,WILDCAT",MAGNUM PRODUCING & OPERATING CO.,,"RAJAN AHUJA, V.P. PRODUCTION",361-882-3858,500 N SHORELINE STE 322,CORPUS CHRSTI,TX,78471,,02,,,,,HT & B RR CO./A. M. GILLESPIE #2,ft,633,16705216,false,29.3566216,-96.6649976,GULF COAST,29.3566216,-96.6649976,187890,ft,512568,GULF COAST WEST,EAGLEFORD,EAGLE FORD DRY,MAGNUM PRODUCING & OPERATING CO.,
4224532297,3,2001-06-26,2001-06-26,2003-06-26,TX,JEFFERSON (TX),MAGNUM PROD,FRIENDSHIP,1,"DISCORBIS,FAULT BLK. B,U.DISCORBIS,FRIO,NODOSARIA",14500,14500,NewDrill,OIL & GAS,V,DRILLED,Expired,"DEVIL,WILDCAT",MAGNUM PRODUCING & OPERATING CO.,,"RAJAN AHUJA, V.P. PRODUCTION",361-882-3858,500 N SHORELINE STE 322,CORPUS CHRSTI,TX,78471,,176,,,,,T & NO RR CO./W. H. BALDWIN #176,ft,625,16171840,false,29.7667650,-94.3104613,GULF COAST,29.7667650,-94.3104613,,ft,510774,GULF COAST CENTRAL,,,MAGNUM PRODUCING & OPERATING CO.,
4228532891,2,2001-05-16,2001-05-16,2003-05-16,TX,LAVACA (TX),MAGNUM PROD,APPLING FARMS,1,FRIO,12504,12504,NewDrill,OIL & GAS,V,P & A,Expired,"VIENNA,WILDCAT",MAGNUM PRODUCING & OPERATING CO.,2001-09-14,RAJAN AHUJA-VP PROD,361-882-3858,500 N SHORELINE STE 322,CORPUS CHRSTI,TX,78471,,01,,,,,HE & WT RR CO. #1,ft,551,16830891,,29.3716806,-96.6578439,GULF COAST,29.3711527,-96.6578572,230800,ft,509074,GULF COAST WEST,EAGLEFORD,EAGLE FORD DRY,MAGNUM PRODUCING & OPERATING CO.,
4223933117,2,2001-02-13,2001-02-20,2003-02-20,TX,JACKSON (TX),MAGNUM PROD,CROSSROADS,1,"-A-,-B-,F-82,FRIO,MOODY,PATRICK,PIGPEN SAND,STRINGER UP",7000,7000,NewDrill,OIL & GAS,V,P & A,Expired,"LA WARD, NE.,LA WARD, NORTH,LA WARD,NORTH,WILDCAT",MAGNUM PRODUCING & OPERATING CO.,,RAJAN AHUJA-VP,361-882-3858,500 N SHORELINE STE 322,CORPUS CHRSTI,TX,78471,,02,,,,1,I G N RR CO. #2,ft,132,16954943,false,28.9004464,-96.4824578,GULF COAST,28.9004464,-96.4824578,195347,ft,505245,GULF COAST WEST,,,MAGNUM PRODUCING & OPERATING CO.,
4223933071,2,2000-05-26,2000-05-26,2002-05-26,TX,JACKSON (TX),MAGNUM PROD,"BURDITT, ALLEN L.",1,,8000,8000,NewDrill,OIL & GAS,V,INACTIVE,Expired,"LA WARD, NORTH,WILDCAT",MAGNUM PRODUCING & OPERATING CO.,,,3618823858,500 N SHORELINE STE 322,CORPUS CHRSTI,TX,78471,,2,,,,1,I G N R R CO,ft,132,17483714,false,28.8978791,-96.4860167,GULF COAST,28.8978791,-96.4860167,08646,ft,495550,GULF COAST WEST,,,MAGNUM PRODUCING & OPERATING CO.,
4240932602,4,1999-09-17,1999-10-12,2001-10-12,TX,SAN PATRICIO (TX),MAGNUM PROD,CORPUS CHRISTI BANK & TRUST,22,B,8000,8000,NewDrill,OIL & GAS,V,P & A,Expired,"PLYMOUTH,WILDCAT",MAGNUM PRODUCING & OPERATING CO.,,,3618823858,500 N SHORELINE STE 322,CORPUS CHRSTI,TX,78471,,,,,,24,TAFT FARM LANDS 4TH ADDTN,ft,119,17280994,false,28.0575643,-97.3814162,GULF COAST,28.0575643,-97.3814162,180273,ft,487718,GULF COAST WEST,,,MAGNUM PRODUCING & OPERATING CO.,
4212331858,2,1999-04-27,1999-04-27,2001-08-26,TX,DEWITT (TX),MAGNUM PROD,CLIFFORD F. SPIES GAS UNIT 1,4,"ROEDER,WILCOX",11195,11195,NewDrill,OIL & GAS,V,INACTIVE,Expired,"WILDCAT,YORKTOWN, S,YORKTOWN, SOUTH",MAGNUM PRODUCING & OPERATING CO.,1999-08-26,,,500 N SHORELINE STE 322,CORPUS CHRSTI,TX,78471,,,,,,,JOHN T. TINSLEY,ft,455,16980877,,28.9626655,-97.4106203,GULF COAST,28.9626655,-97.4106203,174916,ft,484139,GULF COAST WEST,EAGLEFORD,EAGLE FORD DRY,MAGNUM PRODUCING & OPERATING CO.,
4240932586,4,1999-02-23,1999-02-23,2001-06-23,TX,SAN PATRICIO (TX),MAGNUM PROD,J. H. HARVEY UNIT,1,"11-B,11-C,13-A,14-B-1,14-B-4,15-B,M-11,M-3,M-4,STARK",9494,9494,NewDrill,OIL & GAS,V,INACTIVE,Expired,"HARVEY,WILDCAT",MAGNUM PRODUCING & OPERATING CO.,1999-06-23,,,500 N SHORELINE STE 322,CORPUS CHRSTI,TX,78471,,,,,,D,"GEO. SARGENT/RINCON ROAD SUBD, LOT 9",ft,231,17540555,,27.9841119,-97.2649850,GULF COAST,27.9841119,-97.2649850,13742,ft,482886,GULF COAST WEST,,,MAGNUM PRODUCING & OPERATING CO.,
4224532195,3,1999-02-18,1999-02-18,2001-02-18,TX,JEFFERSON (TX),MAGNUM PROD,FCLT,1,"FRIO,FRIO A,MARGINULINA",12000,12000,NewDrill,OIL & GAS,V,EXPIRED PERMIT,Expired,"BIG HILL,WILDCAT",MAGNUM PRODUCING & OPERATING CO.,,,3618823858,500 N SHORELINE STE 322,CORPUS CHRSTI,TX,78471,,175,,,,,T&NO RR CO. #175,ft,342,16145558,false,29.7596955,-94.2798936,GULF COAST,29.7596955,-94.2798936,,ft,482783,GULF COAST CENTRAL,,,MAGNUM PRODUCING & OPERATING CO.,
4233930963,3,1999-01-07,1999-04-27,2001-04-27,TX,MONTGOMERY (TX),MAGNUM PROD,PACIFIC GAS UNIT,1,WILCOX,11500,11500,NewDrill,OIL & GAS,V,P & A,Expired,"PATRICK P. RAY,WILDCAT",MAGNUM PRODUCING & OPERATING CO.,,,3618823858,500 N SHORELINE STE 322,CORPUS CHRSTI,TX,78471,,,,,,,CLARK BEACH,ft,79,16761897,false,30.2547199,-95.2765312,GULF COAST,30.2547199,-95.2765312,175020,ft,481925,GULF COAST CENTRAL,,,MAGNUM PRODUCING & OPERATING CO.,
4223932955,2,1997-07-29,1997-07-29,1999-07-29,TX,JACKSON (TX),MAGNUM PROD,CLARK,1,3800 SAND,4500,4500,NewDrill,GAS,V,P & A,Expired,"FARLEY TURK,SPEAKS, S.W.,SPEAKS, SW.",MAGNUM PRODUCING & OPERATING CO.,,,3618823858,500 N SHORELINE STE 322,CORPUS CHRSTI,TX,78471,,,,,,,CAROLINE BROWN,ft,91,16142056,false,29.2189511,-96.7206687,GULF COAST,29.2189511,-96.7206687,,ft,465591,GULF COAST WEST,,,MAGNUM PRODUCING & OPERATING CO.,
4208932001,3,1996-09-04,1996-09-04,1998-09-04,TX,COLORADO (TX),MAGNUM PROD,WOLF-GLASSCOCK GAS UNIT,1,"COCKFIELD,WILCOX",11500,11500,NewDrill,OIL & GAS,V,P & A,Expired,"GLASSCOCK,WILDCAT",MAGNUM PRODUCING & OPERATING CO.,,,3618823858,500 N SHORELINE STE 322,CORPUS CHRSTI,TX,78471,,,,,,,BBB & CRR CO.,ft,114,16725622,false,29.6227817,-96.6092314,GULF COAST,29.6227817,-96.6092314,165958,ft,452241,GULF COAST CENTRAL,EAGLEBINE,,MAGNUM PRODUCING & OPERATING CO.,
4204731729,4,1996-08-16,1996-08-19,1998-08-19,TX,BROOKS (TX),MAGNUM PROD,VICKERS,1,H-18,8200,8200,NewDrill,GAS,V,P & A,Expired,"PITA,N.W.,WILDCAT",MAGNUM PRODUCING & OPERATING CO.,,,3618823858,500 N SHORELINE STE 322,CORPUS CHRSTI,TX,78471,,694,,,,,C&M RR CO/J. A. BROOKS #694,ft,686,18230552,false,27.1052323,-98.1414158,GULF COAST,27.1052323,-98.1414158,,ft,451567,GULF COAST WEST,,,MAGNUM PRODUCING & OPERATING CO.,
4208931936,3,1995-05-02,1995-05-03,1997-05-03,TX,COLORADO (TX),MAGNUM PROD,"JOHNSON, B. A. 'E' GU",1,"SD.,WILCOX",10800,10800,NewDrill,OIL & GAS,V,INACTIVE,Expired,"B.A.D.A.,SUBLIME,WILDCAT",MAGNUM PRODUCING & OPERATING CO.,,,3618823858,500 N SHORELINE STE 322,CORPUS CHRSTI,TX,78471,,,,,,,J. B. FENN,ft,215,18502236,false,29.5209931,-96.7053438,GULF COAST,29.5209931,-96.7053438,161374,ft,435403,GULF COAST CENTRAL,EAGLEBINE,,MAGNUM PRODUCING & OPERATING CO.,
4224932232,4,1994-06-27,1994-06-29,1996-06-29,TX,JIM WELLS (TX),MAGNUM PROD,TRUE HEIRS,1,,5900,5900,NewDrill,OIL & GAS,V,P & A,Expired,WILDCAT,MAGNUM PRODUCING & OPERATING CO.,,,3618823858,500 N SHORELINE STE 322,CORPUS CHRSTI,TX,78471,,18,,,,,"""LOS PRESENOS DE ABAJO"" APOLINARIO DE LA GARZA",ft,171,18724910,false,27.8086879,-97.9870042,GULF COAST,27.8086878,-97.9870042,158119,ft,425298,GULF COAST WEST,,,MAGNUM PRODUCING & OPERATING CO.,
4246933023,2,1994-02-25,1994-03-28,1996-03-28,TX,VICTORIA (TX),MAGNUM PROD,BAASS,1,GRETA,5500,5500,NewDrill,GAS,V,P & A,Expired,"COLETTO CREEK, SOUTH,WILDCAT",MAGNUM PRODUCING & OPERATING CO.,,,3618823858,500 N SHORELINE STE 322,CORPUS CHRSTI,TX,78471,,,,,,,FRANCISCO GONZALES HIDALGO,ft,61,16339603,false,28.7159105,-97.0658227,GULF COAST,28.7159105,-97.0658227,,ft,421114,GULF COAST WEST,,,MAGNUM PRODUCING & OPERATING CO.,
4231133015,1,1994-01-20,1994-01-21,1996-01-21,TX,MCMULLEN (TX),MAGNUM PROD,"JAMBERS, GEORGE T.",5,WILDCAT,6400,6400,NewDrill,OIL,V,P & A,Expired,WILDCAT,MAGNUM PRODUCING & OPERATING CO.,,,3618823858,500 N SHORELINE STE 322,CORPUS CHRSTI,TX,78471,,155,,,,,"JAMES FREAL, #155",ft,189,16201364,false,28.5743410,-98.3871151,GULF COAST,28.5743410,-98.3871151,,ft,420355,GULF COAST WEST,EAGLEFORD,EAGLE FORD DRY,MAGNUM PRODUCING & OPERATING CO.,
4231133014,1,1994-01-18,1994-01-20,1996-01-20,TX,MCMULLEN (TX),MAGNUM PROD,"JAMBERS, GEORGE T.",4,WILCOX,6400,6400,NewDrill,OIL,V,P & A,Expired,"CLOETER,WILDCAT",MAGNUM PRODUCING & OPERATING CO.,,,3618823858,500 N SHORELINE STE 322,CORPUS CHRSTI,TX,78471,,155,,,,,JAMES FREAL #155,ft,189,18754167,false,28.5739363,-98.3921196,GULF COAST,28.5739363,-98.3921196,13838,ft,420249,GULF COAST WEST,EAGLEFORD,EAGLE FORD DRY,MAGNUM PRODUCING & OPERATING CO.,
4207132006,3,1993-07-15,1993-07-20,1995-07-20,TX,CHAMBERS (TX),MAGNUM PROD,"HAYNES, J. F.",2SW,9060 SAND,3000,3000,NewDrill,INJECTION,V,TA,Expired,"WHITES BAYOU, S.",MAGNUM PRODUCING & OPERATING CO.,,,3618823858,500 N SHORELINE STE 322,CORPUS CHRSTI,TX,78471,,,,,,,JOHN R. JENNY,ft,162,17818759,false,29.7985065,-94.6558297,GULF COAST,29.7985065,-94.6558296,151980,ft,413909,GULF COAST CENTRAL,,,MAGNUM PRODUCING & OPERATING CO.,
4240932423,4,1993-07-02,1993-07-21,1995-07-21,TX,SAN PATRICIO (TX),MAGNUM PROD,HAMON-HARVEY,1A,"11-B,11-C,13-A,14-B-1,14-B-4,M-11,STARK",9800,9800,NewDrill,OIL & GAS,V,INACTIVE,Expired,"HARVEY,WILDCAT",MAGNUM PRODUCING & OPERATING CO.,,,3618823858,500 N SHORELINE STE 322,CORPUS CHRSTI,TX,78471,,,,,,,GEO. SARGENT,ft,231,17153839,false,27.9774892,-97.2603562,GULF COAST,27.9774892,-97.2603562,12696,ft,413763,GULF COAST WEST,,,MAGNUM PRODUCING & OPERATING CO.,
4235532860,4,1992-03-02,1992-03-20,1994-03-20,TX,NUECES (TX),MAGNUM PROD,REDFISH BAY PROPERTIES,2,"B-8,B4 SAND,B7,FRIO,SD",9150,,NewDrill,OIL & GAS,D,INACTIVE,Expired,"STEDMAN ISLAND,WILDCAT",MAGNUM PRODUCING & OPERATING CO.,,,3618823858,500 N SHORELINE STE 322,CORPUS CHRSTI,TX,78471,,,,,,,ARANSAS PASS C&D CO.,,2560,16637128,false,27.8899027,-97.1136550,GULF COAST,27.8927245,-97.1190360,142434,ft,397152,GULF COAST WEST,,,MAGNUM PRODUCING & OPERATING CO.,
4240932366,4,1991-02-12,1991-02-15,1993-02-15,TX,SAN PATRICIO (TX),MAGNUM PROD,J. R. VANECEK GAS UNIT,2,FALLING STAR,5800,5800,NewDrill,OIL & GAS,V,P & A,Expired,"MATHIS, EAST,WILDCAT",MAGNUM PRODUCING & OPERATING CO.,,,3618823858,500 N SHORELINE STE 322,CORPUS CHRSTI,TX,78471,,65,,,,,GEO. H. PAUL SUBD OF J J WELDER RANCH / I & G N RR. CO.,ft,315,16290604,false,28.1110474,-97.6727620,GULF COAST,28.1110474,-97.6727620,,ft,384558,GULF COAST WEST,,,MAGNUM PRODUCING & OPERATING CO.,
4216332769,1,1990-07-05,1990-07-16,1992-07-16,TX,FRIO (TX),MAGNUM PROD,"TURNHAM, J.C.",3,AUSTIN CHALK,11000,,NewDrill,OIL,H,P & A,Expired,"PEARSALL,WILDCAT",MAGNUM PRODUCING & OPERATING CO.,,,3618823858,500 N SHORELINE STE 322,CORPUS CHRSTI,TX,78471,,,,,,,PETER KENDALL #102,,447,16093526,false,28.7117070,-99.0697396,GULF COAST,28.7117070,-99.0697396,,ft,375182,GULF COAST WEST,EAGLEFORD,BRISCOE RANCH,MAGNUM PRODUCING & OPERATING CO.,
4240932328,4,1990-01-29,1990-01-30,1992-01-30,TX,SAN PATRICIO (TX),MAGNUM PROD,VANECEK,1,SCHNEIDER,5800,5800,NewDrill,GAS,V,P & A,Expired,WILDCAT,MAGNUM PRODUCING & OPERATING CO.,,,3618823858,500 N SHORELINE STE 322,CORPUS CHRSTI,TX,78471,,65,,,,,GEO. H. PAUL SUBD.OF THE J.J.WELDER RANCH,ft,316,16747165,false,28.1116015,-97.6829491,GULF COAST,28.1116015,-97.6829491,160146,ft,369174,GULF COAST WEST,,,MAGNUM PRODUCING & OPERATING CO.,
4229733905,2,1989-08-10,1989-08-11,1991-08-11,TX,LIVE OAK (TX),MAGNUM ENGINEERING,LAMPRECHT,1,,2150,2150,NewDrill,OIL,V,P & A,Expired,"OAKVILLE,WILDCAT",MAGNUM ENGINEERING COMPANY,,,3618823858,500 N SHORLINE STE 322,CORPUS CHRSTI,TX,78401-0313,,150,,,,,R. TRIPLETT #150,ft,458,18298239,false,28.5039392,-98.0584004,GULF COAST,28.5039392,-98.0584004,,ft,362591,GULF COAST WEST,EAGLEFORD,EAGLE FORD DRY,MAGNUM ENGINEERING COMPANY,
4217532359,2,1988-12-19,1988-12-20,1989-12-20,TX,GOLIAD (TX),MAGNUM ENGINEERING,KOONTZ,1,,5000,5000,NewDrill,OIL,V,CANCELLED,Expired,"SARCO CREEK, WEST",MAGNUM ENGINEERING COMPANY,,,3618823858,500 N SHORLINE STE 322,CORPUS CHRSTI,TX,78401-0313,,,,,,,MARIA JOSEPHA RIOS,ft,37,16103048,false,28.4815553,-97.3989799,GULF COAST,28.4815553,-97.3989799,,ft,354427,GULF COAST WEST,,,MAGNUM ENGINEERING COMPANY,
4229733833,2,1988-07-11,1988-07-12,1989-07-12,TX,LIVE OAK (TX),MAGNUM ENGINEERING,GRANT,1,,2200,2200,NewDrill,OIL & GAS,V,P & A,Expired,"OAKVILLE,WILDCAT",MAGNUM ENGINEERING COMPANY,,,3618823858,500 N SHORLINE STE 322,CORPUS CHRSTI,TX,78401-0313,,,,,,,JAS. MCGLOIN,ft,26,16194893,false,28.4466656,-98.1192274,GULF COAST,28.4466656,-98.1192274,,ft,348737,GULF COAST WEST,EAGLEFORD,EAGLE FORD DRY,MAGNUM ENGINEERING COMPANY,
1700720001,2,,2012-07-17,2013-01-13,LA,ASSUMPTION (LA),MAGNUM PROD,CLEMENT SWD,001,MA-3 SAND,,,NewDrill,DRY HOLE,V,P & A,Expired,"OAKLEY, NORTHWEST","MAGNUM PRODUCING, L.P.",,"LUIS GARZA, JR.",361-826-0114,500 N. SHORELINE SUITE 322,CORPUS CHRSTI,TX,78401,,39,,14S,13E,,,,,18011071,,29.8884806,-91.0969102,GULF COAST,29.8885032,-91.0973008,604405-UNIT,,974260,GULF COAST EAST,,,"MAGNUM PRODUCING, LP",
1701121105,2,2011-08-29,2011-08-31,2012-02-27,LA,BEAUREGARD (LA),MAGNUM PROD,FORESTAR MINERALS,001,COCKFIELD,8800,8800,NewDrill,OIL,V,P & A,Expired,COWPEN CREEK,"MAGNUM PRODUCING, L.P.",,135 REGENCY SQUARE,361-882-3858 XT 122,500 N. SHORELINE SUITE 322,CORPUS CHRSTI,TX,78401,,18,,06S,09W,,,ft,,15321292,,30.5427803,-93.3241674,GULF COAST,30.5429087,-93.3241097,,ft,243739,GULF COAST EAST,TUSCALOOSA MARINE SHALE,,"MAGNUM PRODUCING, LP",
1709901012,2,2009-02-26,2009-03-03,2009-08-30,LA,ST. MARTIN (LA),MAGNUM PROD,HENRY MELANCON,1,MARG TEX 4,12000,12000,NewDrill,OIL,V,ACTIVE,Expired,SECTION 28,"MAGNUM PRODUCING, L.P.",,RAJAN AHUJA,361-882-3858,500 N. SHORELINE SUITE 322,CORPUS CHRSTI,TX,78401,,31,,09S,07E,,,ft,,18032433,,30.2172686,-91.7881698,GULF COAST,30.2174842,-91.7891617,050452-UNIT,ft,239529,GULF COAST EAST,,,"MAGNUM PRODUCING, LP",
1512531979,,,2010-06-16,2011-06-16,KS,MONTGOMERY (KS),MAGNUM ENGINEERING,DEFENBAUGH C. J.,23,"WAYSIDE,WEISER",840,840,NewDrill,DRY HOLE,V,P & A,Expired,WAYSIDE-HAVANA,MAGNUM ENGINEERING COMPANY,,,,500 N SHORELINE BLVD STE 322,CORPUS CHRISTI,TX,,,04,,34S,14E,,,ft,,15165856,,37.1170586,-95.8820805,MID-CON,37.1170905,-95.8821905,,ft,TEMP960705133,CHEROKEE PLATFORM,,,MAGNUM ENGINEERING COMPANY,
1512531992,,,2010-06-23,2011-06-23,KS,MONTGOMERY (KS),MAGNUM ENGINEERING,HAZLETT-BERRY,13,"WAYSIDE,WEISER",840,840,NewDrill,OIL,V,INACTIVE,Expired,WAYSIDE-HAVANA,MAGNUM ENGINEERING COMPANY,,,,500 N SHORELINE BLVD STE 322,CORPUS CHRISTI,TX,,,33,,33S,14E,,,ft,,15195860,,37.1271407,-95.8746037,MID-CON,37.1271780,-95.8747265,,ft,TEMP910299598,CHEROKEE PLATFORM,,,MAGNUM ENGINEERING COMPANY,
1512531981,,,2010-06-16,2011-06-16,KS,MONTGOMERY (KS),MAGNUM ENGINEERING,DEFENBAUGH C. J.,26,"WAYSIDE,WEISER",840,840,NewDrill,OIL,V,ACTIVE,Expired,WAYSIDE-HAVANA,MAGNUM ENGINEERING COMPANY,,,,500 N SHORELINE BLVD STE 322,CORPUS CHRISTI,TX,,,04,,34S,14E,,,ft,,15174534,,37.1143849,-95.8754732,MID-CON,37.1144161,-95.8756087,100737,ft,TEMP750582998,CHEROKEE PLATFORM,,,MAGNUM ENGINEERING COMPANY,
1512532314,,,2013-01-29,2014-01-29,KS,MONTGOMERY (KS),MAGNUM ENGINEERING,DEFENBAUGH C.J.,29,WAYSIDE,740,740,NewDrill,OIL,V,ACTIVE,Expired,WAYSIDE-HAVANA,MAGNUM ENGINEERING COMPANY,,,,500 N SHORELINE BLVD STE 322,CORPUS CHRISTI,TX,,,04,,34S,14E,,,ft,,15174711,,37.1153309,-95.8757326,MID-CON,37.1153073,-95.8758888,100737,ft,TEMP584429256,CHEROKEE PLATFORM,,,MAGNUM ENGINEERING COMPANY,
1512531985,,,2010-06-16,2011-06-16,KS,MONTGOMERY (KS),MAGNUM ENGINEERING,HAZLETT-BERRY,11,"WAYSIDE,WEISER",840,840,NewDrill,OIL,V,INACTIVE,Expired,WAYSIDE-HAVANA,MAGNUM ENGINEERING COMPANY,,,,500 N SHORELINE BLVD STE 322,CORPUS CHRISTI,TX,,,33,,33S,14E,,,ft,,15165859,,37.1281095,-95.8774495,MID-CON,37.1281650,-95.8775733,,ft,TEMP554486942,CHEROKEE PLATFORM,,,MAGNUM ENGINEERING COMPANY,
1512532081,,,2011-05-03,2012-05-02,KS,MONTGOMERY (KS),MAGNUM ENGINEERING,BERRY,50,"WAYSIDE,WEISER",840,840,NewDrill,OIL,V,ACTIVE,Expired,WAYSIDE-HAVANA,MAGNUM ENGINEERING COMPANY,,,,500 N SHORELINE BLVD STE 322,CORPUS CHRISTI,TX,,,33,,33S,14E,,,ft,,15195918,,37.1287311,-95.8805472,MID-CON,37.1287973,-95.8806596,100736,ft,TEMP533856171,CHEROKEE PLATFORM,,,MAGNUM ENGINEERING COMPANY,
1512531982,,,2010-06-16,2011-06-16,KS,MONTGOMERY (KS),MAGNUM ENGINEERING,JAMES,14,"WAYSIDE,WEISER",840,840,NewDrill,OIL,V,ACTIVE,Expired,WAYSIDE-HAVANA,MAGNUM ENGINEERING COMPANY,,,,500 N SHORELINE BLVD STE 322,CORPUS CHRISTI,TX,,,04,,34S,14E,,,ft,,15165857,,37.1204767,-95.8758090,MID-CON,37.1205809,-95.8758736,100739,ft,TEMP48462228,CHEROKEE PLATFORM,,,MAGNUM ENGINEERING COMPANY,
1512532092,,,2011-05-25,2012-05-24,KS,MONTGOMERY (KS),MAGNUM ENGINEERING,DEFENBAUGH C.J.,28,"WAYSIDE,WEISER",840,840,NewDrill,OIL,V,ACTIVE,Expired,WAYSIDE-HAVANA,MAGNUM ENGINEERING COMPANY,,,,500 N SHORELINE BLVD STE 322,CORPUS CHRISTI,TX,,,04,,34S,14E,,,ft,,15174601,,37.1144000,-95.8805164,MID-CON,37.1144322,-95.8806370,100737,ft,TEMP443240914,CHEROKEE PLATFORM,,,MAGNUM ENGINEERING COMPANY,
1512531984,,,2010-06-16,2011-06-16,KS,MONTGOMERY (KS),MAGNUM ENGINEERING,HAZLETT-BERRY,10,"WAYSIDE,WEISER",840,840,NewDrill,OIL,V,ACTIVE,Expired,WAYSIDE-HAVANA,MAGNUM ENGINEERING COMPANY,,,,500 N SHORELINE BLVD STE 322,CORPUS CHRISTI,TX,,,33,,33S,14E,,,ft,,15165858,,37.1271063,-95.8766179,MID-CON,37.1271061,-95.8767527,128049,ft,TEMP404385583,CHEROKEE PLATFORM,,,MAGNUM ENGINEERING COMPANY,
1512532096,,,2011-05-26,2012-05-25,KS,MONTGOMERY (KS),MAGNUM ENGINEERING,BERRY,53,"WAYSIDE,WEISER",840,840,NewDrill,OIL,V,ACTIVE,Expired,WAYSIDE-HAVANA,MAGNUM ENGINEERING COMPANY,,,,500 N SHORELINE BLVD STE 322,CORPUS CHRISTI,TX,,,33,,33S,14E,,,ft,,15174605,,37.1271824,-95.8811652,MID-CON,37.1274788,-95.8805724,100736,ft,TEMP377797677,CHEROKEE PLATFORM,,,MAGNUM ENGINEERING COMPANY,
1512531980,,,2010-06-16,2011-06-16,KS,MONTGOMERY (KS),MAGNUM ENGINEERING,DEFENBAUGH C. J.,25,"WAYSIDE,WEISER",840,840,NewDrill,OIL,V,ACTIVE,Expired,WAYSIDE-HAVANA,MAGNUM ENGINEERING COMPANY,,,,500 N SHORELINE BLVD STE 322,CORPUS CHRISTI,TX,,,04,,34S,14E,,,ft,,17960641,,37.1162309,-95.8813328,MID-CON,37.1162625,-95.8814401,100737,ft,TEMP311305379,CHEROKEE PLATFORM,,,MAGNUM ENGINEERING COMPANY,
1512532095,,,2011-05-26,2012-05-25,KS,MONTGOMERY (KS),MAGNUM ENGINEERING,BERRY,52,"WAYSIDE,WEISER",840,840,NewDrill,OIL,V,ACTIVE,Expired,WAYSIDE-HAVANA,MAGNUM ENGINEERING COMPANY,,,,500 N SHORELINE BLVD STE 322,CORPUS CHRISTI,TX,,,33,,33S,14E,,,ft,,15174604,,37.1272549,-95.8795934,MID-CON,37.1274481,-95.8787210,100736,ft,TEMP30579605,CHEROKEE PLATFORM,,,MAGNUM ENGINEERING COMPANY,
1512531944,,,2010-03-04,2011-03-04,KS,MONTGOMERY (KS),MAGNUM ENGINEERING,JAMES,13,"WAYSIDE,WEISER",845,845,NewDrill,OIL,V,ACTIVE,Expired,WAYSIDE-HAVANA,MAGNUM ENGINEERING COMPANY,,,,500 N SHORELINE BLVD STE 322,CORPUS CHRISTI,TX,,,04,,34S,14E,,,ft,,17960635,,37.1201792,-95.8747790,MID-CON,37.1200954,-95.8750228,100739,ft,TEMP235962008,CHEROKEE PLATFORM,,,MAGNUM ENGINEERING COMPANY,
1512532094,,,2011-05-26,2012-05-25,KS,MONTGOMERY (KS),MAGNUM ENGINEERING,BERRY,51,"WAYSIDE,WEISER",840,840,NewDrill,OIL,V,ACTIVE,Expired,WAYSIDE-HAVANA,MAGNUM ENGINEERING COMPANY,,,,500 N SHORELINE BLVD STE 322,CORPUS CHRISTI,TX,,,33,,33S,14E,,,ft,,15174603,,37.1288150,-95.8819891,MID-CON,37.1281656,-95.8821160,100736,ft,TEMP2136169670,CHEROKEE PLATFORM,,,MAGNUM ENGINEERING COMPANY,
1512532079,,,2011-05-03,2012-05-02,KS,MONTGOMERY (KS),MAGNUM ENGINEERING,HAZLETT-BERRY,14,"WAYSIDE,WEISER",840,840,NewDrill,DRY HOLE,V,P & A,Expired,WAYSIDE-HAVANA,MAGNUM ENGINEERING COMPANY,,,,500 N SHORELINE BLVD STE 322,CORPUS CHRISTI,TX,,,33,,33S,14E,,,ft,,17960656,,37.1280829,-95.8743061,MID-CON,37.1281318,-95.8745562,,ft,TEMP1948829642,CHEROKEE PLATFORM,,,MAGNUM ENGINEERING COMPANY,
1512532091,,,2011-05-24,2012-05-23,KS,MONTGOMERY (KS),MAGNUM ENGINEERING,DEFENBAUGH C.J.,27,"WAYSIDE,WEISER",840,840,NewDrill,OIL,V,ACTIVE,Expired,WAYSIDE-HAVANA,MAGNUM ENGINEERING COMPANY,,,,500 N SHORELINE BLVD STE 322,CORPUS CHRISTI,TX,,,04,,34S,14E,,,ft,,15195921,,37.1154375,-95.8804706,MID-CON,37.1154695,-95.8805896,100737,ft,TEMP1961269745,CHEROKEE PLATFORM,,,MAGNUM ENGINEERING COMPANY,
1512531978,,,2010-06-16,2011-06-16,KS,MONTGOMERY (KS),MAGNUM ENGINEERING,DEFENBAUGH C. J.,22,"WAYSIDE,WEISER",840,840,NewDrill,OIL,V,ACTIVE,Expired,WAYSIDE-HAVANA,MAGNUM ENGINEERING COMPANY,,,,500 N SHORELINE BLVD STE 322,CORPUS CHRISTI,TX,,,04,,34S,14E,,,ft,,17960640,,37.1147090,-95.8791125,MID-CON,37.1148268,-95.8795900,100737,ft,TEMP1929821932,CHEROKEE PLATFORM,,,MAGNUM ENGINEERING COMPANY,
1512532080,,,2011-05-03,2012-05-02,KS,MONTGOMERY (KS),MAGNUM ENGINEERING,BERRY,49,"WAYSIDE,WEISER",840,840,NewDrill,OIL,V,ACTIVE,Expired,WAYSIDE-HAVANA,MAGNUM ENGINEERING COMPANY,,,,500 N SHORELINE BLVD STE 322,CORPUS CHRISTI,TX,,,33,,33S,14E,,,ft,,17960657,,37.1287236,-95.8790288,MID-CON,37.1287845,-95.8792642,100736,ft,TEMP1933708943,CHEROKEE PLATFORM,,,MAGNUM ENGINEERING COMPANY,
1512531983,,,2010-06-16,2011-06-16,KS,MONTGOMERY (KS),MAGNUM ENGINEERING,JAMES,15,"WAYSIDE,WEISER",840,840,NewDrill,OIL,V,INACTIVE,Expired,WAYSIDE-HAVANA,MAGNUM ENGINEERING COMPANY,,,,500 N SHORELINE BLVD STE 322,CORPUS CHRISTI,TX,,,04,,34S,14E,,,ft,,17960642,,37.1208200,-95.8743060,MID-CON,37.1209291,-95.8743952,,ft,TEMP1823385499,CHEROKEE PLATFORM,,,MAGNUM ENGINEERING COMPANY,
1512531993,,,2010-06-23,2011-06-23,KS,MONTGOMERY (KS),MAGNUM ENGINEERING,HAZLETT-BERRY,14,"WAYSIDE,WEISER",840,840,NewDrill,OIL,V,INACTIVE,Expired,WAYSIDE-HAVANA,MAGNUM ENGINEERING COMPANY,,,,500 N SHORELINE BLVD STE 322,CORPUS CHRISTI,TX,,,33,,33S,14E,,,ft,,17960643,,37.1280829,-95.8743061,MID-CON,37.1281224,-95.8744362,,ft,TEMP1769029922,CHEROKEE PLATFORM,,,MAGNUM ENGINEERING COMPANY,
1512531991,,,2010-06-22,2011-06-22,KS,MONTGOMERY (KS),MAGNUM ENGINEERING,JAMES,16,"WAYSIDE,WEISER",840,840,NewDrill,OIL,V,INACTIVE,Expired,WAYSIDE-HAVANA,MAGNUM ENGINEERING COMPANY,,,,500 N SHORELINE BLVD STE 322,CORPUS CHRISTI,TX,,,04,,34S,14E,,,ft,,15195859,,37.1201371,-95.8772663,MID-CON,37.1202191,-95.8773693,,ft,TEMP1748310045,CHEROKEE PLATFORM,,,MAGNUM ENGINEERING COMPANY,
1512531975,,,2010-06-15,2011-06-15,KS,MONTGOMERY (KS),MAGNUM ENGINEERING,BERRY,48-I,"WAYSIDE,WEISER",975,975,NewDrill,INJECTION,V,ACTIVE,Expired,WAYSIDE-HAVANA,MAGNUM ENGINEERING COMPANY,,,,500 N SHORELINE BLVD STE 322,CORPUS CHRISTI,TX,,,33,,33S,14E,,,ft,,15195854,,37.1341976,-95.8758246,MID-CON,37.1342446,-95.8759516,100736,ft,TEMP1726319373,CHEROKEE PLATFORM,,,MAGNUM ENGINEERING COMPANY,
1512532166,,,2012-02-22,2013-02-21,KS,MONTGOMERY (KS),MAGNUM ENGINEERING,HORTON,10,WAYSIDE,735,735,NewDrill,INJECTION,V,ACTIVE,Expired,WAYSIDE-HAVANA,MAGNUM ENGINEERING COMPANY,,,,500 N SHORELINE BLVD STE 322,CORPUS CHRISTI,TX,,,04,,34S,14E,,,ft,,15165979,,37.1180353,-95.8782123,MID-CON,37.1180698,-95.8783356,100738,ft,TEMP1711719152,CHEROKEE PLATFORM,,,MAGNUM ENGINEERING COMPANY,
1512532078,,,2011-05-03,2012-05-02,KS,MONTGOMERY (KS),MAGNUM ENGINEERING,HAZLETT-BERRY,13,"WAYSIDE,WEISER",840,840,NewDrill,DRY HOLE,V,P & A,Expired,WAYSIDE-HAVANA,MAGNUM ENGINEERING COMPANY,,,,500 N SHORELINE BLVD STE 322,CORPUS CHRISTI,TX,,,33,,33S,14E,,,ft,,17960655,,37.1270873,-95.8750538,MID-CON,37.1271272,-95.8751722,,ft,TEMP1647648190,CHEROKEE PLATFORM,,,MAGNUM ENGINEERING COMPANY,
1512531877,,,2009-07-08,2010-07-08,KS,MONTGOMERY (KS),MAGNUM ENGINEERING,JAMES,12,WAYSIDE,845,845,NewDrill,INJECTION,V,ACTIVE,Expired,WAYSIDE,MAGNUM ENGINEERING COMPANY,,,,500 N SHORELINE BLVD STE 322,CORPUS CHRISTI,TX,,,04,,34S,14E,,,ft,,15174469,,37.1189127,-95.8765262,MID-CON,37.1190315,-95.8766301,100739,ft,TEMP1592508159,CHEROKEE PLATFORM,,,MAGNUM ENGINEERING COMPANY,
1512532077,,,2011-05-03,2012-05-02,KS,MONTGOMERY (KS),MAGNUM ENGINEERING,HAZLETT-BERRY,12,"WAYSIDE,WEISER",840,840,NewDrill,OIL,V,ACTIVE,Expired,WAYSIDE-HAVANA,MAGNUM ENGINEERING COMPANY,,,,500 N SHORELINE BLVD STE 322,CORPUS CHRISTI,TX,,,33,,33S,14E,,,ft,,17960654,,37.1279684,-95.8759771,MID-CON,37.1279184,-95.8761365,128049,ft,TEMP1584394168,CHEROKEE PLATFORM,,,MAGNUM ENGINEERING COMPANY,
1512531990,,,2010-06-22,2011-06-22,KS,MONTGOMERY (KS),MAGNUM ENGINEERING,DEFENBAUGH DWIGHT,C-6,"WAYSIDE,WEISER",840,840,NewDrill,OIL,V,INACTIVE,Expired,WAYSIDE-HAVANA,MAGNUM ENGINEERING COMPANY,,,,500 N SHORELINE BLVD STE 322,CORPUS CHRISTI,TX,,,04,,34S,14E,,,ft,,15174536,,37.1134580,-95.8762743,MID-CON,37.1134875,-95.8764088,101486,ft,TEMP1577726720,CHEROKEE PLATFORM,,,MAGNUM ENGINEERING COMPANY,
1512531989,,,2010-06-22,2011-06-22,KS,MONTGOMERY (KS),MAGNUM ENGINEERING,DEFENBAUGH C. J.,24,"WAYSIDE,WEISER",840,840,NewDrill,OIL,V,INACTIVE,Expired,WAYSIDE-HAVANA,MAGNUM ENGINEERING COMPANY,,,,500 N SHORELINE BLVD STE 322,CORPUS CHRISTI,TX,,,04,,34S,14E,,,ft,,15195858,,37.1146135,-95.8815921,MID-CON,37.1146443,-95.8817072,,ft,TEMP1540632467,CHEROKEE PLATFORM,,,MAGNUM ENGINEERING COMPANY,
1512531976,,,2010-06-16,2011-06-16,KS,MONTGOMERY (KS),MAGNUM ENGINEERING,DEFENBAUGH C. J.,20,"WAYSIDE,WEISER",840,840,NewDrill,OIL,V,ACTIVE,Expired,WAYSIDE-HAVANA,MAGNUM ENGINEERING COMPANY,,,,500 N SHORELINE BLVD STE 322,CORPUS CHRISTI,TX,,,04,,34S,14E,,,ft,,15174533,,37.1154988,-95.8741686,MID-CON,37.1155340,-95.8743091,100737,ft,TEMP132095040,CHEROKEE PLATFORM,,,MAGNUM ENGINEERING COMPANY,
1512531884,,,2009-08-03,2010-08-03,KS,MONTGOMERY (KS),MAGNUM ENGINEERING,DEFENBAUGH C.J.,19,"WAYSIDE,WEISER",845,845,NewDrill,OIL,V,ACTIVE,Expired,WAYSIDE/HAVANA,MAGNUM ENGINEERING COMPANY,,,,500 N SHORELINE BLVD STE 322,CORPUS CHRISTI,TX,,,04,,34S,14E,,,ft,,15174471,,37.1150257,-95.8773883,MID-CON,37.1150589,-95.8775202,100737,ft,TEMP127700296,CHEROKEE PLATFORM,,,MAGNUM ENGINEERING COMPANY,
1512532082,,,2011-05-03,2012-05-02,KS,MONTGOMERY (KS),MAGNUM ENGINEERING,DEFENBAUGH C.J.,24,"WAYSIDE,WEISER",840,840,NewDrill,OIL,V,ACTIVE,Expired,WAYSIDE-HAVANA,MAGNUM ENGINEERING COMPANY,,,,500 N SHORELINE BLVD STE 322,CORPUS CHRISTI,TX,,,04,,34S,14E,,,ft,,17960658,,37.1146135,-95.8815921,MID-CON,37.1148395,-95.8822190,100737,ft,TEMP1217813626,CHEROKEE PLATFORM,,,MAGNUM ENGINEERING COMPANY,
1512531986,,,2010-06-16,2011-06-16,KS,MONTGOMERY (KS),MAGNUM ENGINEERING,HAZLETT-BERRY,12,"WAYSIDE,WEISER",840,840,NewDrill,OIL,V,INACTIVE,Expired,WAYSIDE-HAVANA,MAGNUM ENGINEERING COMPANY,,,,500 N SHORELINE BLVD STE 322,CORPUS CHRISTI,TX,,,33,,33S,14E,,,ft,,15174535,,37.1279684,-95.8759771,MID-CON,37.1280141,-95.8760989,,ft,TEMP1081804158,CHEROKEE PLATFORM,,,MAGNUM ENGINEERING COMPANY,
1512531977,,,2010-06-16,2011-06-16,KS,MONTGOMERY (KS),MAGNUM ENGINEERING,DEFENBAUGH C.J.,21,"WAYSIDE,WEISER",840,840,NewDrill,INJECTION,V,ACTIVE,Expired,WAYSIDE-HAVANA,MAGNUM ENGINEERING COMPANY,,,,500 N SHORELINE BLVD STE 322,CORPUS CHRISTI,TX,,,04,,34S,14E,,,ft,,15195855,,37.1163188,-95.8779605,MID-CON,37.1163833,-95.8781890,100737,ft,TEMP1071785912,CHEROKEE PLATFORM,,,MAGNUM ENGINEERING COMPANY,
1512532076,,,2011-05-03,2012-05-02,KS,MONTGOMERY (KS),MAGNUM ENGINEERING,HAZLETT-BERRY,11,"WAYSIDE,WEISER",840,840,NewDrill,OIL,V,ACTIVE,Expired,WAYSIDE-HAVANA,MAGNUM ENGINEERING COMPANY,,,,500 N SHORELINE BLVD STE 322,CORPUS CHRISTI,TX,,,33,,33S,14E,,,ft,,15174598,,37.1281133,-95.8774495,MID-CON,37.1282684,-95.8774705,128049,ft,TEMP1047072126,CHEROKEE PLATFORM,,,MAGNUM ENGINEERING COMPANY,
